/*
Navicat MySQL Data Transfer

Source Server         : iMySql
Source Server Version : 50709
Source Host           : localhost:3306
Source Database       : dvcmng

Target Server Type    : MYSQL
Target Server Version : 50709
File Encoding         : 65001

Date: 2017-08-13 08:33:44
*/

SET FOREIGN_KEY_CHECKS=0;

-- ----------------------------
-- Table structure for buy
-- ----------------------------
DROP TABLE IF EXISTS `buy`;
CREATE TABLE `buy` (
  `id` int(13) NOT NULL AUTO_INCREMENT,
  `codeManu` varchar(50) DEFAULT NULL,
  `codeWare` varchar(50) DEFAULT NULL,
  `name` varchar(50) DEFAULT NULL,
  `class` char(1) DEFAULT NULL,
  `spec` varchar(50) DEFAULT NULL,
  `unit` varchar(5) DEFAULT NULL,
  `supplier` varchar(20) DEFAULT NULL,
  `category` int(5) NOT NULL,
  `accuracy` decimal(4,1) DEFAULT NULL,
  `scale` varchar(20) DEFAULT NULL,
  `usage` char(2) DEFAULT NULL,
  `equip` varchar(50) DEFAULT NULL,
  `circle` tinyint(1) DEFAULT NULL,
  `valid` date DEFAULT NULL,
  `checkComp` text,
  `wareId` varchar(20) DEFAULT NULL,
  `wareTime` date DEFAULT NULL,
  `checkDpt` varchar(10) DEFAULT NULL,
  `takeTime` date DEFAULT NULL,
  `takeUser` varchar(15) DEFAULT NULL,
  `takeDpt` int(11) DEFAULT NULL,
  `useTime` date DEFAULT NULL,
  `loc` varchar(30) DEFAULT NULL,
  `stopTime` date DEFAULT NULL,
  `path` varchar(200) DEFAULT NULL,
  `pid` int(13) DEFAULT NULL,
  `status` tinyint(1) DEFAULT NULL,
  PRIMARY KEY (`id`)
) ENGINE=InnoDB AUTO_INCREMENT=1071 DEFAULT CHARSET=utf8;

-- ----------------------------
-- Records of buy
-- ----------------------------
INSERT INTO `buy` VALUES ('539', 'S4S923722642', '260120030019', '耐震压力表', 'A', 'Y-100AZ/1.6MPA', '套', '上海满川电器有限公司', '26012003', '0.5', '0～2.5kPa', '质检', '流量计MQ001', '6', '2017-01-26', null, '1002V51000000009QMOL', '2017-01-17', '199', null, null, '198', '2017-07-21', 'location', null, null, null, '8');
INSERT INTO `buy` VALUES ('540', 'S4S923722642', '260120030019', '齐纳安全栅', 'A', 'Y-100AZ/1.6MPA', '块', '上海满川电器有限公司', '26012003', '0.5', '0～2.5kPa', '质检', '流量计MQ001', '6', '2018-02-02', null, '1002V51000000009QMOL', '2017-01-17', '199', null, null, '198', '2017-07-21', 'location', null, null, null, '4');
INSERT INTO `buy` VALUES ('541', 'S4S923722642', '260112064', '变送器及传感器', 'A', 'Y-100AZ/1.6MPA', '块', '上海满川电器有限公司', '26011', '0.5', '0～2.5kPa', '质检', '流量计MQ001', '6', '2018-02-15', null, '1002V5100000001FFH07', '2017-01-17', '199', null, null, '198', '2017-07-21', 'location', null, null, null, '4');
INSERT INTO `buy` VALUES ('542', 'S4S923722642', '260112064', '耐震压力表', 'A', 'Y-100AZ/1.6MPA', '块', '上海满川电器有限公司', '26011', '0.5', '0～2.5kPa', '质检', '流量计MQ001', '6', '2018-02-01', null, '1002V5100000001FFH07', '2017-01-17', '199', null, null, '198', '2017-07-21', 'location', null, null, null, '4');
INSERT INTO `buy` VALUES ('543', 'S4S923722642', '260112064', '耐震压力表', 'A', 'Y-100AZ/1.6MPA', '块', '上海满川电器有限公司', '26011', '0.5', '0～2.5kPa', '质检', '流量计MQ001', '6', '2018-02-01', null, '1002V5100000001FFH07', '2017-01-17', '199', null, null, '198', '2017-07-21', 'location', null, null, null, '4');
INSERT INTO `buy` VALUES ('544', 'S4S923722642', '260112064', '耐震压力表', 'A', 'Y-100AZ/1.6MPA', '块', '上海满川电器有限公司', '26011', '0.5', '0～2.5kPa', '质检', '流量计MQ001', '6', '2018-01-20', null, '1002V5100000001FFH07', '2017-01-17', '199', null, null, '198', '2017-07-21', 'location', null, null, null, '4');
INSERT INTO `buy` VALUES ('545', 'S4S923722642', '260112064', '变送器及传感器', 'A', 'Y-100AZ/1.6MPA', '块', '上海满川电器有限公司', '26011', '0.5', '0～2.5kPa', '质检', '流量计MQ001', '6', '2018-01-20', null, '1002V5100000001FFH07', '2017-01-17', '199', null, null, '198', '2017-07-21', 'location', null, null, null, '8');
INSERT INTO `buy` VALUES ('546', 'S4S923722642', '260112064', '耐震压力表', 'A', 'Y-100AZ/1.6MPA', '块', '上海满川电器有限公司', '26011', '0.5', '0～2.5kPa', '质检', '流量计MQ001', '6', '2018-02-05', null, '1002V5100000001FFH07', '2017-01-17', '199', null, null, '198', '2017-07-21', 'location', null, null, null, '4');
INSERT INTO `buy` VALUES ('547', 'S4S923722642', '260112064', '耐震压力表', 'A', 'Y-100AZ/1.6MPA', '块', '上海满川电器有限公司', '26011', '0.5', '0～2.5kPa', '质检', '流量计MQ001', '6', '2018-02-05', null, '1002V5100000001FFH07', '2017-01-17', '199', null, null, '198', '2017-07-21', 'location', null, null, null, '4');
INSERT INTO `buy` VALUES ('548', 'S4S923722642', '260112064', '耐震压力表', 'A', 'Y-100AZ/1.6MPA', '块', '上海满川电器有限公司', '26011', '0.5', '0～2.5kPa', '质检', '流量计MQ001', '6', '2018-02-06', null, '1002V5100000001FFH07', '2017-01-17', '199', null, null, '198', '2017-07-21', 'location', null, null, null, '4');
INSERT INTO `buy` VALUES ('549', 'S4S923722642', '260113036', '耐震压力表', 'A', 'Y-100AZ/1.6MPA', '块', '上海满川电器有限公司', '26011', '0.5', '0～2.5kPa', '质检', '流量计MQ001', '6', '2017-01-28', null, '1002V5100000000GTF6D', '2017-01-18', '199', null, null, '198', '2017-07-21', 'location', null, null, null, '11');
INSERT INTO `buy` VALUES ('550', 'S4S923722642', '260113036', '耐震压力表', 'A', 'Y-100AZ/1.6MPA', '块', '上海满川电器有限公司', '26011', '0.5', '0～2.5kPa', '质检', '流量计MQ001', '6', '2017-01-26', null, '1002V5100000000GTF6D', '2017-01-18', '199', null, null, '198', '2017-07-21', 'location', null, null, null, '4');
INSERT INTO `buy` VALUES ('551', 'S4S923722642', '260113120', '耐震压力表', 'A', 'Y-100AZ/1.6MPA', '块', '上海满川电器有限公司', '26011', '0.5', '0～2.5kPa', '质检', '流量计MQ001', '6', '2018-02-05', null, '1002V5100000000PYB4I', '2017-01-31', '199', null, null, '198', '2017-07-21', 'location', null, null, null, '4');
INSERT INTO `buy` VALUES ('552', 'S4S923722642', '260113120', '耐震压力表', 'A', 'Y-100AZ/1.6MPA', '块', '上海满川电器有限公司', '26011', '0.5', '0～2.5kPa', '质检', '流量计MQ001', '6', '2018-02-06', null, '1002V5100000000PYB4I', '2017-01-31', '199', null, null, '198', '2017-07-21', 'location', null, null, null, '4');
INSERT INTO `buy` VALUES ('553', 'S4S923722642', '260113119', '耐震压力表', 'A', 'Y-100AZ/1.6MPA', '块', '上海满川电器有限公司', '26011', '0.5', '0～2.5kPa', '质检', '流量计MQ001', '6', '2018-01-20', null, '1002V5100000000PYB4B', '2017-01-31', '199', null, null, '198', '2017-07-21', 'location', null, null, null, '4');
INSERT INTO `buy` VALUES ('554', 'S4S923722642', '260113119', '耐震压力表', 'A', 'Y-100AZ/1.6MPA', '块', '上海满川电器有限公司', '26011', '0.5', '0～2.5kPa', '质检', '流量计MQ001', '6', '2018-01-20', null, '1002V5100000000PYB4B', '2017-01-31', '199', null, null, '198', '2017-07-21', 'location', null, null, null, '4');
INSERT INTO `buy` VALUES ('555', 'S4S923722642', '260113318', '耐震压力表', 'A', 'Y-100AZ/1.6MPA', '块', '上海满川电器有限公司', '26011', '0.5', '0～2.5kPa', '质检', '流量计MQ001', '6', '2018-01-20', null, '1002V5100000001GKA6K', '2017-01-31', '199', null, null, '198', '2017-07-21', 'location', null, null, null, '4');
INSERT INTO `buy` VALUES ('556', 'S4S923722642', '260113121', '耐震压力表', 'A', 'Y-100AZ/1.6MPA', '块', '上海满川电器有限公司', '26011', '0.5', '0～2.5kPa', '质检', '流量计MQ001', '6', '2018-01-20', null, '1002V5100000000PYB4J', '2017-01-31', '199', null, null, '198', '2017-07-21', 'location', null, null, null, '4');
INSERT INTO `buy` VALUES ('557', 'S4S923722642', '260113121', '耐震压力表', 'A', 'Y-100AZ/1.6MPA', '块', '上海满川电器有限公司', '26011', '0.5', '0～2.5kPa', '质检', '流量计MQ001', '6', '2018-01-20', null, '1002V5100000000PYB4J', '2017-01-31', '199', null, null, '198', '2017-07-21', 'location', null, null, null, '4');
INSERT INTO `buy` VALUES ('558', 'S4S923722642', '260112316', '耐震压力表', 'A', 'Y-100AZ/1.6MPA', '块', '上海满川电器有限公司', '26011', '0.5', '0～2.5kPa', '质检', '流量计MQ001', '6', '2018-01-20', null, '0001V51000000000CMNO', '2017-01-31', '199', null, null, '198', '2017-07-21', 'location', null, null, null, '4');
INSERT INTO `buy` VALUES ('559', 'S4S923722642', '260112316', '耐震压力表', 'A', 'Y-100AZ/1.6MPA', '块', '上海满川电器有限公司', '26011', '0.5', '0～2.5kPa', '质检', '流量计MQ001', '6', '2018-01-20', null, '0001V51000000000CMNO', '2017-01-31', '199', null, null, '198', '2017-07-21', 'location', null, null, null, '4');
INSERT INTO `buy` VALUES ('560', 'S4S923722642', '260070030300', '耐震压力表', 'A', 'Y-100AZ/1.6MPA', '块', '上海满川电器有限公司', '26007003', '0.5', '0～2.5kPa', '质检', '流量计MQ001', '6', '2018-01-20', null, '1002V5100000001HYZ8M', '2017-02-04', '199', null, null, '198', '2017-07-21', 'location', null, null, null, '4');
INSERT INTO `buy` VALUES ('561', 'S4S923722642', '260070020155', '耐震压力表', 'A', 'Y-100AZ/1.6MPA', '块', '上海满川电器有限公司', '26007002', '0.5', '0～2.5kPa', '质检', '流量计MQ001', '6', '2018-01-20', null, '0001V51000000000CNBY', '2017-02-04', '199', null, null, '198', '2017-07-21', 'location', null, null, null, '4');
INSERT INTO `buy` VALUES ('562', 'S4S923722642', '260070020155', '耐震压力表', 'A', 'Y-100AZ/1.6MPA', '块', '上海满川电器有限公司', '26007002', '0.5', '0～2.5kPa', '质检', '流量计MQ001', '6', '2018-01-28', null, '0001V51000000000CNBY', '2017-02-04', '199', '2017-07-20', 'admin', '198', '2017-07-21', 'location', null, null, null, '8');
INSERT INTO `buy` VALUES ('563', 'S4S923722642', '260070020155', '耐震压力表', 'A', 'Y-100AZ/1.6MPA', '块', '上海满川电器有限公司', '26007002', '0.5', '0～2.5kPa', '质检', '流量计MQ001', '6', '2018-01-20', null, '0001V51000000000CNBY', '2017-02-04', '199', null, null, '198', '2017-07-21', 'location', null, null, null, '4');
INSERT INTO `buy` VALUES ('564', 'S4S923722642', '260070020155', '耐震压力表', 'A', 'Y-100AZ/1.6MPA', '块', '上海满川电器有限公司', '26007002', '0.5', '0～2.5kPa', '质检', '流量计MQ001', '6', '2018-01-20', null, '0001V51000000000CNBY', '2017-02-04', '199', null, null, '198', '2017-07-21', 'location', null, null, null, '4');
INSERT INTO `buy` VALUES ('565', 'S4S923722642', '260070020155', '耐震压力表', 'A', 'Y-100AZ/1.6MPA', '块', '上海满川电器有限公司', '26007002', '0.5', '0～2.5kPa', '质检', '流量计MQ001', '6', '2018-01-20', null, '0001V51000000000CNBY', '2017-02-04', '199', null, null, '198', '2017-07-21', 'location', null, null, null, '4');
INSERT INTO `buy` VALUES ('566', 'S4S923722642', '260070020156', '耐震压力表', 'A', 'Y-100AZ/1.6MPA', '块', '上海满川电器有限公司', '26007002', '0.5', '0～2.5kPa', '质检', '流量计MQ001', '6', '2018-01-20', null, '0001V51000000000CNPE', '2017-02-04', '199', null, null, '198', '2017-07-21', 'location', null, null, null, '4');
INSERT INTO `buy` VALUES ('567', 'S4S923722642', '260070020156', '耐震压力表', 'A', 'Y-100AZ/1.6MPA', '块', '上海满川电器有限公司', '26007002', '0.5', '0～2.5kPa', '质检', '流量计MQ001', '6', '2018-01-20', null, '0001V51000000000CNPE', '2017-02-04', '199', null, null, '198', '2017-07-21', 'location', null, null, null, '4');
INSERT INTO `buy` VALUES ('568', 'S4S923722642', '260070020331', '耐震压力表', 'A', 'Y-100AZ/1.6MPA', '块', '上海满川电器有限公司', '26007002', '0.5', '0～2.5kPa', '质检', '流量计MQ001', '6', '2018-01-20', null, '1002V5100000001BWH1D', '2017-02-04', '199', null, null, '198', '2017-07-21', 'location', null, null, null, '4');
INSERT INTO `buy` VALUES ('569', 'S4S923722642', '260070020331', '耐震压力表', 'A', 'Y-100AZ/1.6MPA', '块', '上海满川电器有限公司', '26007002', '0.5', '0～2.5kPa', '质检', '流量计MQ001', '6', '2018-01-20', null, '1002V5100000001BWH1D', '2017-02-04', '199', null, null, '198', '2017-07-21', 'location', null, null, null, '4');
INSERT INTO `buy` VALUES ('570', 'S4S923722642', '260070020331', '耐震压力表', 'A', 'Y-100AZ/1.6MPA', '块', '上海满川电器有限公司', '26007002', '0.5', '0～2.5kPa', '质检', '流量计MQ001', '6', '2018-01-20', null, '1002V5100000001BWH1D', '2017-02-04', '199', null, null, '198', '2017-07-21', 'location', null, null, null, '4');
INSERT INTO `buy` VALUES ('571', 'S4S923722642', '260070020331', '耐震压力表', 'A', 'Y-100AZ/1.6MPA', '块', '上海满川电器有限公司', '26007002', '0.5', '0～2.5kPa', '质检', '流量计MQ001', '6', '2018-01-20', null, '1002V5100000001BWH1D', '2017-02-04', '199', null, null, '198', '2017-07-21', 'location', null, null, null, '4');
INSERT INTO `buy` VALUES ('572', 'S4S923722642', '260040020189', '耐震压力表', 'A', 'Y-100AZ/1.6MPA', '块', '上海满川电器有限公司', '26004002', '0.5', '0～2.5kPa', '质检', '流量计MQ001', '6', '2018-01-28', null, '1002V5100000001KAUNR', '2017-02-06', '199', '2017-07-20', 'admin', '198', '2017-07-21', 'location', null, null, null, '8');
INSERT INTO `buy` VALUES ('573', 'S4S923722642', '260040020189', '耐震压力表', 'A', 'Y-100AZ/1.6MPA', '块', '上海满川电器有限公司', '26004002', '0.5', '0～2.5kPa', '质检', '流量计MQ001', '6', '2018-01-28', null, '1002V5100000001KAUNR', '2017-02-06', '199', '2017-07-20', 'admin', '198', '2017-07-21', 'location', null, null, null, '8');
INSERT INTO `buy` VALUES ('576', 'S4S923722642', '260040020189', '耐震压力表', 'A', 'Y-100AZ/1.6MPA', '块', '上海满川电器有限公司', '26004002', '0.5', '0～2.5kPa', '质检', '流量计MQ001', '6', '2018-01-20', null, '1002V5100000001KAUNR', '2017-02-06', '199', null, null, '198', '2017-07-21', 'location', null, null, null, '4');
INSERT INTO `buy` VALUES ('577', 'S4S923722642', '260040020189', '耐震压力表', 'A', 'Y-100AZ/1.6MPA', '块', '上海满川电器有限公司', '26004002', '0.5', '0～2.5kPa', '质检', '流量计MQ001', '6', '2018-01-20', null, '1002V5100000001KAUNR', '2017-02-06', '199', null, null, '198', '2017-07-21', 'location', null, null, null, '4');
INSERT INTO `buy` VALUES ('578', 'S4S923722642', '260040020189', '耐震压力表', 'A', 'Y-100AZ/1.6MPA', '块', '上海满川电器有限公司', '26004002', '0.5', '0～2.5kPa', '质检', '流量计MQ001', '6', '2018-01-20', null, '1002V5100000001KAUNR', '2017-02-06', '199', null, null, '198', '2017-07-21', 'location', null, null, null, '4');
INSERT INTO `buy` VALUES ('579', 'S4S923722642', '260040020189', '耐震压力表', 'A', 'Y-100AZ/1.6MPA', '块', '上海满川电器有限公司', '26004002', '0.5', '0～2.5kPa', '质检', '流量计MQ001', '6', '2018-01-20', null, '1002V5100000001KAUNR', '2017-02-06', '199', null, null, '198', '2017-07-21', 'location', null, null, null, '4');
INSERT INTO `buy` VALUES ('580', 'S4S923722642', '260040020189', '耐震压力表', 'A', 'Y-100AZ/1.6MPA', '块', '上海满川电器有限公司', '26004002', '0.5', '0～2.5kPa', '质检', '流量计MQ001', '6', '2018-01-20', null, '1002V5100000001KAUNR', '2017-02-06', '199', null, null, '198', '2017-07-21', 'location', null, null, null, '4');
INSERT INTO `buy` VALUES ('581', 'S4S923722642', '260040020189', '耐震压力表', 'A', 'Y-100AZ/1.6MPA', '块', '上海满川电器有限公司', '26004002', '0.5', '0～2.5kPa', '质检', '流量计MQ001', '6', '2018-01-20', null, '1002V5100000001KAUNR', '2017-02-06', '199', null, null, '198', '2017-07-21', 'location', null, null, null, '4');
INSERT INTO `buy` VALUES ('582', 'S4S923722642', '260150379', '耐震压力表', 'A', 'Y-100AZ/1.6MPA', '块', '上海满川电器有限公司', '26015', '0.5', '0～2.5kPa', '质检', '流量计MQ001', '6', '2018-01-20', null, '1002V5100000001K4SWM', '2017-03-08', '199', null, null, '198', '2017-07-21', 'location', null, null, null, '4');
INSERT INTO `buy` VALUES ('583', 'S4S923722642', '260150379', '耐震压力表', 'A', 'Y-100AZ/1.6MPA', '块', '上海满川电器有限公司', '26015', '0.5', '0～2.5kPa', '质检', '流量计MQ001', '6', '2018-01-20', null, '1002V5100000001K4SWM', '2017-03-08', '199', null, null, '198', '2017-07-21', 'location', null, null, null, '4');
INSERT INTO `buy` VALUES ('584', 'S4S923722642', '260150379', '耐震压力表', 'A', 'Y-100AZ/1.6MPA', '块', '上海满川电器有限公司', '26015', '0.5', '0～2.5kPa', '质检', '流量计MQ001', '6', '2018-01-20', null, '1002V5100000001K4SWM', '2017-03-08', '199', null, null, '198', '2017-07-21', 'location', null, null, null, '4');
INSERT INTO `buy` VALUES ('585', 'S4S923722642', '260150379', '耐震压力表', 'A', 'Y-100AZ/1.6MPA', '块', '上海满川电器有限公司', '26015', '0.5', '0～2.5kPa', '质检', '流量计MQ001', '6', '2018-01-20', null, '1002V5100000001K4SWM', '2017-03-08', '199', null, null, '198', '2017-07-21', 'location', null, null, null, '4');
INSERT INTO `buy` VALUES ('586', 'S4S923722642', '260040020190', '耐震压力表', 'A', 'Y-100AZ/1.6MPA', '块', '上海满川电器有限公司', '26004002', '0.5', '0～2.5kPa', '质检', '流量计MQ001', '6', '2018-01-20', null, '1002V5100000001KAUNS', '2017-03-08', '199', null, null, '198', '2017-07-21', 'location', null, null, null, '4');
INSERT INTO `buy` VALUES ('587', 'S4S923722642', '260040020190', '耐震压力表', 'A', 'Y-100AZ/1.6MPA', '块', '上海满川电器有限公司', '26004002', '0.5', '0～2.5kPa', '质检', '流量计MQ001', '6', '2018-01-20', null, '1002V5100000001KAUNS', '2017-03-08', '199', null, null, '198', '2017-07-21', 'location', null, null, null, '4');
INSERT INTO `buy` VALUES ('588', 'S4S923722642', '260040020190', '耐震压力表', 'A', 'Y-100AZ/1.6MPA', '块', '上海满川电器有限公司', '26004002', '0.5', '0～2.5kPa', '质检', '流量计MQ001', '6', '2018-01-20', null, '1002V5100000001KAUNS', '2017-03-08', '199', null, null, '198', '2017-07-21', 'location', null, null, null, '4');
INSERT INTO `buy` VALUES ('589', 'S4S923722642', '260040020190', '耐震压力表', 'A', 'Y-100AZ/1.6MPA', '块', '上海满川电器有限公司', '26004002', '0.5', '0～2.5kPa', '质检', '流量计MQ001', '6', '2018-01-20', null, '1002V5100000001KAUNS', '2017-03-08', '199', null, null, '198', '2017-07-21', 'location', null, null, null, '4');
INSERT INTO `buy` VALUES ('590', 'S4S923722642', '260040020190', '耐震压力表', 'A', 'Y-100AZ/1.6MPA', '块', '上海满川电器有限公司', '26004002', '0.5', '0～2.5kPa', '质检', '流量计MQ001', '6', '2018-01-20', null, '1002V5100000001KAUNS', '2017-03-08', '199', null, null, '198', '2017-07-21', 'location', null, null, null, '4');
INSERT INTO `buy` VALUES ('591', 'S4S923722642', '260113364', '耐震压力表', 'A', 'Y-100AZ/1.6MPA', '块', '上海满川电器有限公司', '26011', '0.5', '0～2.5kPa', '质检', '流量计MQ001', '6', '2018-01-20', null, '1002V5100000001LNQ62', '2017-03-14', '199', '2017-07-20', 'admin', '198', '2017-07-21', 'location', null, null, null, '8');
INSERT INTO `buy` VALUES ('593', 'S4S923722642', '260150389', '耐震压力表', 'A', 'Y-100AZ/1.6MPA', '块', '上海满川电器有限公司', '26015', '0.5', '0～2.5kPa', '质检', '流量计MQ001', '6', '2018-01-20', null, '1002V5100000001M62IH', '2017-03-30', '199', null, null, '198', '2017-07-21', 'location', null, null, null, '4');
INSERT INTO `buy` VALUES ('594', 'S4S923722642', '260150389', '耐震压力表', 'A', 'Y-100AZ/1.6MPA', '块', '上海满川电器有限公司', '26015', '0.5', '0～2.5kPa', '质检', '流量计MQ001', '6', '2018-01-20', null, '1002V5100000001M62IH', '2017-03-30', '199', null, null, '198', '2017-07-21', 'location', null, null, null, '8');
INSERT INTO `buy` VALUES ('595', 'S4S923722642', '260150365', '耐震压力表', 'A', 'Y-100AZ/1.6MPA', '块', '上海满川电器有限公司', '26015', '0.5', '0～2.5kPa', '质检', '流量计MQ001', '6', '2018-01-20', null, '1002V5100000001EIHRP', '2017-03-30', '199', null, null, '198', '2017-07-21', 'location', null, null, null, '4');
INSERT INTO `buy` VALUES ('596', 'S4S923722642', '260150365', '耐震压力表', 'A', 'Y-100AZ/1.6MPA', '块', '上海满川电器有限公司', '26015', '0.5', '0～2.5kPa', '质检', '流量计MQ001', '6', '2018-01-20', null, '1002V5100000001EIHRP', '2017-03-30', '199', null, null, '198', '2017-07-21', 'location', null, null, null, '4');
INSERT INTO `buy` VALUES ('597', 'S4S923722642', '260150365', '耐震压力表', 'A', 'Y-100AZ/1.6MPA', '块', '上海满川电器有限公司', '26015', '0.5', '0～2.5kPa', '质检', '流量计MQ001', '6', '2018-01-20', null, '1002V5100000001EIHRP', '2017-03-30', '199', null, null, '198', '2017-07-21', 'location', null, null, null, '4');
INSERT INTO `buy` VALUES ('598', 'S4S923722642', '260150365', '耐震压力表', 'A', 'Y-100AZ/1.6MPA', '块', '上海满川电器有限公司', '26015', '0.5', '0～2.5kPa', '质检', '流量计MQ001', '6', '2018-01-20', null, '1002V5100000001EIHRP', '2017-03-30', '199', null, null, '198', '2017-07-21', 'location', null, null, null, '4');
INSERT INTO `buy` VALUES ('599', 'S4S923722642', '260150365', '耐震压力表', 'A', 'Y-100AZ/1.6MPA', '块', '上海满川电器有限公司', '26015', '0.5', '0～2.5kPa', '质检', '流量计MQ001', '6', '2018-01-20', null, '1002V5100000001EIHRP', '2017-03-30', '199', null, null, '198', '2017-07-21', 'location', null, null, null, '4');
INSERT INTO `buy` VALUES ('600', 'S4S923722642', '260150365', '耐震压力表', 'A', 'Y-100AZ/1.6MPA', '块', '上海满川电器有限公司', '26015', '0.5', '0～2.5kPa', '质检', '流量计MQ001', '6', '2018-01-20', null, '1002V5100000001EIHRP', '2017-03-30', '199', null, null, '198', '2017-07-21', 'location', null, null, null, '4');
INSERT INTO `buy` VALUES ('601', 'S4S923722642', '260150365', '耐震压力表', 'A', 'Y-100AZ/1.6MPA', '块', '上海满川电器有限公司', '26015', '0.5', '0～2.5kPa', '质检', '流量计MQ001', '6', '2018-01-20', null, '1002V5100000001EIHRP', '2017-03-30', '199', null, null, '198', '2017-07-21', 'location', null, null, null, '4');
INSERT INTO `buy` VALUES ('602', 'S4S923722642', '260150365', '耐震压力表', 'A', 'Y-100AZ/1.6MPA', '块', '上海满川电器有限公司', '26015', '0.5', '0～2.5kPa', '质检', '流量计MQ001', '6', '2018-01-20', null, '1002V5100000001EIHRP', '2017-03-30', '199', null, null, '198', '2017-07-21', 'location', null, null, null, '4');
INSERT INTO `buy` VALUES ('603', 'S4S923722642', '260150365', '耐震压力表', 'A', 'Y-100AZ/1.6MPA', '块', '上海满川电器有限公司', '26015', '0.5', '0～2.5kPa', '质检', '流量计MQ001', '6', '2018-01-20', null, '1002V5100000001EIHRP', '2017-03-30', '199', null, null, '198', '2017-07-21', 'location', null, null, null, '4');
INSERT INTO `buy` VALUES ('604', 'S4S923722642', '260150365', '耐震压力表', 'A', 'Y-100AZ/1.6MPA', '块', '上海满川电器有限公司', '26015', '0.5', '0～2.5kPa', '质检', '流量计MQ001', '6', '2018-01-20', null, '1002V5100000001EIHRP', '2017-03-30', '199', null, null, '198', '2017-07-21', 'location', null, null, null, '4');
INSERT INTO `buy` VALUES ('605', 'S4S923722642', '260150365', '耐震压力表', 'A', 'Y-100AZ/1.6MPA', '块', '上海满川电器有限公司', '26015', '0.5', '0～2.5kPa', '质检', '流量计MQ001', '6', '2018-01-20', null, '1002V5100000001EIHRP', '2017-03-30', '199', null, null, '198', '2017-07-21', 'location', null, null, null, '4');
INSERT INTO `buy` VALUES ('606', 'S4S923722642', '260150365', '耐震压力表', 'A', 'Y-100AZ/1.6MPA', '块', '上海满川电器有限公司', '26015', '0.5', '0～2.5kPa', '质检', '流量计MQ001', '6', '2018-01-20', null, '1002V5100000001EIHRP', '2017-03-30', '199', null, null, '198', '2017-07-21', 'location', null, null, null, '4');
INSERT INTO `buy` VALUES ('607', 'S4S923722642', '260150365', '耐震压力表', 'A', 'Y-100AZ/1.6MPA', '块', '上海满川电器有限公司', '26015', '0.5', '0～2.5kPa', '质检', '流量计MQ001', '6', '2018-01-20', null, '1002V5100000001EIHRP', '2017-03-30', '199', null, null, '198', '2017-07-21', 'location', null, null, null, '4');
INSERT INTO `buy` VALUES ('608', 'S4S923722642', '260150365', '耐震压力表', 'A', 'Y-100AZ/1.6MPA', '块', '上海满川电器有限公司', '26015', '0.5', '0～2.5kPa', '质检', '流量计MQ001', '6', '2018-01-20', null, '1002V5100000001EIHRP', '2017-03-30', '199', null, null, '198', '2017-07-21', 'location', null, null, null, '4');
INSERT INTO `buy` VALUES ('609', 'S4S923722642', '260150365', '耐震压力表', 'A', 'Y-100AZ/1.6MPA', '块', '上海满川电器有限公司', '26015', '0.5', '0～2.5kPa', '质检', '流量计MQ001', '6', '2018-01-20', null, '1002V5100000001EIHRP', '2017-03-30', '199', null, null, '198', '2017-07-21', 'location', null, null, null, '4');
INSERT INTO `buy` VALUES ('610', 'S4S923722642', '260150365', '耐震压力表', 'A', 'Y-100AZ/1.6MPA', '块', '上海满川电器有限公司', '26015', '0.5', '0～2.5kPa', '质检', '流量计MQ001', '6', '2018-01-20', null, '1002V5100000001EIHRP', '2017-03-30', '199', null, null, '198', '2017-07-21', 'location', null, null, null, '4');
INSERT INTO `buy` VALUES ('611', 'S4S923722642', '260150365', '耐震压力表', 'A', 'Y-100AZ/1.6MPA', '块', '上海满川电器有限公司', '26015', '0.5', '0～2.5kPa', '质检', '流量计MQ001', '6', '2018-01-20', null, '1002V5100000001EIHRP', '2017-03-30', '199', null, null, '198', '2017-07-21', 'location', null, null, null, '4');
INSERT INTO `buy` VALUES ('612', 'S4S923722642', '260150365', '耐震压力表', 'A', 'Y-100AZ/1.6MPA', '块', '上海满川电器有限公司', '26015', '0.5', '0～2.5kPa', '质检', '流量计MQ001', '6', '2018-01-20', null, '1002V5100000001EIHRP', '2017-03-30', '199', null, null, '198', '2017-07-21', 'location', null, null, null, '4');
INSERT INTO `buy` VALUES ('613', 'S4S923722642', '260150365', '耐震压力表', 'A', 'Y-100AZ/1.6MPA', '块', '上海满川电器有限公司', '26015', '0.5', '0～2.5kPa', '质检', '流量计MQ001', '6', '2018-01-20', null, '1002V5100000001EIHRP', '2017-03-30', '199', null, null, '198', '2017-07-21', 'location', null, null, null, '4');
INSERT INTO `buy` VALUES ('614', 'S4S923722642', '260150365', '耐震压力表', 'A', 'Y-100AZ/1.6MPA', '块', '上海满川电器有限公司', '26015', '0.5', '0～2.5kPa', '质检', '流量计MQ001', '6', '2018-01-20', null, '1002V5100000001EIHRP', '2017-03-30', '199', null, null, '198', '2017-07-21', 'location', null, null, null, '4');
INSERT INTO `buy` VALUES ('615', 'S4S923722642', '260150365', '耐震压力表', 'A', 'Y-100AZ/1.6MPA', '块', '上海满川电器有限公司', '26015', '0.5', '0～2.5kPa', '质检', '流量计MQ001', '6', '2018-01-20', null, '1002V5100000001EIHRP', '2017-03-30', '199', null, null, '198', '2017-07-21', 'location', null, null, null, '4');
INSERT INTO `buy` VALUES ('616', 'S4S923722642', '260150365', '耐震压力表', 'A', 'Y-100AZ/1.6MPA', '块', '上海满川电器有限公司', '26015', '0.5', '0～2.5kPa', '质检', '流量计MQ001', '6', '2018-01-20', null, '1002V5100000001EIHRP', '2017-03-30', '199', null, null, '198', '2017-07-21', 'location', null, null, null, '4');
INSERT INTO `buy` VALUES ('617', 'S4S923722642', '260150365', '耐震压力表', 'A', 'Y-100AZ/1.6MPA', '块', '上海满川电器有限公司', '26015', '0.5', '0～2.5kPa', '质检', '流量计MQ001', '6', '2018-01-20', null, '1002V5100000001EIHRP', '2017-03-30', '199', null, null, '198', '2017-07-21', 'location', null, null, null, '4');
INSERT INTO `buy` VALUES ('618', 'S4S923722642', '260150365', '耐震压力表', 'A', 'Y-100AZ/1.6MPA', '块', '上海满川电器有限公司', '26015', '0.5', '0～2.5kPa', '质检', '流量计MQ001', '6', '2018-01-20', null, '1002V5100000001EIHRP', '2017-03-30', '199', null, null, '198', '2017-07-21', 'location', null, null, null, '4');
INSERT INTO `buy` VALUES ('619', 'S4S923722642', '260150365', '耐震压力表', 'A', 'Y-100AZ/1.6MPA', '块', '上海满川电器有限公司', '26015', '0.5', '0～2.5kPa', '质检', '流量计MQ001', '6', '2018-01-20', null, '1002V5100000001EIHRP', '2017-03-30', '199', null, null, '198', '2017-07-21', 'location', null, null, null, '4');
INSERT INTO `buy` VALUES ('620', 'S4S923722642', '260150365', '耐震压力表', 'A', 'Y-100AZ/1.6MPA', '块', '上海满川电器有限公司', '26015', '0.5', '0～2.5kPa', '质检', '流量计MQ001', '6', '2018-01-20', null, '1002V5100000001EIHRP', '2017-03-30', '199', null, null, '198', '2017-07-21', 'location', null, null, null, '4');
INSERT INTO `buy` VALUES ('621', 'S4S923722642', '260150365', '耐震压力表', 'A', 'Y-100AZ/1.6MPA', '块', '上海满川电器有限公司', '26015', '0.5', '0～2.5kPa', '质检', '流量计MQ001', '6', '2018-01-20', null, '1002V5100000001EIHRP', '2017-03-30', '199', null, null, '198', '2017-07-21', 'location', null, null, null, '4');
INSERT INTO `buy` VALUES ('622', 'S4S923722642', '260150365', '耐震压力表', 'A', 'Y-100AZ/1.6MPA', '块', '上海满川电器有限公司', '26015', '0.5', '0～2.5kPa', '质检', '流量计MQ001', '6', '2018-01-20', null, '1002V5100000001EIHRP', '2017-03-30', '199', null, null, '198', '2017-07-21', 'location', null, null, null, '4');
INSERT INTO `buy` VALUES ('623', 'S4S923722642', '260150365', '耐震压力表', 'A', 'Y-100AZ/1.6MPA', '块', '上海满川电器有限公司', '26015', '0.5', '0～2.5kPa', '质检', '流量计MQ001', '6', '2018-01-20', null, '1002V5100000001EIHRP', '2017-03-30', '199', null, null, '198', '2017-07-21', 'location', null, null, null, '4');
INSERT INTO `buy` VALUES ('624', 'S4S923722642', '260150365', '耐震压力表', 'A', 'Y-100AZ/1.6MPA', '块', '上海满川电器有限公司', '26015', '0.5', '0～2.5kPa', '质检', '流量计MQ001', '6', '2018-01-20', null, '1002V5100000001EIHRP', '2017-03-30', '199', null, null, '198', '2017-07-21', 'location', null, null, null, '4');
INSERT INTO `buy` VALUES ('625', 'S4S923722642', '260150365', '耐震压力表', 'A', 'Y-100AZ/1.6MPA', '块', '上海满川电器有限公司', '26015', '0.5', '0～2.5kPa', '质检', '流量计MQ001', '6', '2018-01-20', null, '1002V5100000001EIHRP', '2017-03-30', '199', null, null, '198', '2017-07-21', 'location', null, null, null, '4');
INSERT INTO `buy` VALUES ('626', 'S4S923722642', '260150365', '耐震压力表', 'A', 'Y-100AZ/1.6MPA', '块', '上海满川电器有限公司', '26015', '0.5', '0～2.5kPa', '质检', '流量计MQ001', '6', '2018-01-20', null, '1002V5100000001EIHRP', '2017-03-30', '199', null, null, '198', '2017-07-21', 'location', null, null, null, '4');
INSERT INTO `buy` VALUES ('627', 'S4S923722642', '260150365', '耐震压力表', 'A', 'Y-100AZ/1.6MPA', '块', '上海满川电器有限公司', '26015', '0.5', '0～2.5kPa', '质检', '流量计MQ001', '6', '2018-01-20', null, '1002V5100000001EIHRP', '2017-03-30', '199', null, null, '198', '2017-07-21', 'location', null, null, null, '4');
INSERT INTO `buy` VALUES ('628', 'S4S923722642', '260150365', '耐震压力表', 'A', 'Y-100AZ/1.6MPA', '块', '上海满川电器有限公司', '26015', '0.5', '0～2.5kPa', '质检', '流量计MQ001', '6', '2018-01-20', null, '1002V5100000001EIHRP', '2017-03-30', '199', null, null, '198', '2017-07-21', 'location', null, null, null, '4');
INSERT INTO `buy` VALUES ('629', 'S4S923722642', '260150365', '耐震压力表', 'A', 'Y-100AZ/1.6MPA', '块', '上海满川电器有限公司', '26015', '0.5', '0～2.5kPa', '质检', '流量计MQ001', '6', '2018-01-20', null, '1002V5100000001EIHRP', '2017-03-30', '199', null, null, '198', '2017-07-21', 'location', null, null, null, '4');
INSERT INTO `buy` VALUES ('630', 'S4S923722642', '260150365', '耐震压力表', 'A', 'Y-100AZ/1.6MPA', '块', '上海满川电器有限公司', '26015', '0.5', '0～2.5kPa', '质检', '流量计MQ001', '6', '2018-01-20', null, '1002V5100000001EIHRP', '2017-03-30', '199', null, null, '198', '2017-07-21', 'location', null, null, null, '4');
INSERT INTO `buy` VALUES ('631', 'S4S923722642', '260150365', '耐震压力表', 'A', 'Y-100AZ/1.6MPA', '块', '上海满川电器有限公司', '26015', '0.5', '0～2.5kPa', '质检', '流量计MQ001', '6', '2018-01-20', null, '1002V5100000001EIHRP', '2017-03-30', '199', null, null, '198', '2017-07-21', 'location', null, null, null, '4');
INSERT INTO `buy` VALUES ('632', 'S4S923722642', '260150365', '耐震压力表', 'A', 'Y-100AZ/1.6MPA', '块', '上海满川电器有限公司', '26015', '0.5', '0～2.5kPa', '质检', '流量计MQ001', '6', '2018-01-20', null, '1002V5100000001EIHRP', '2017-03-30', '199', null, null, '198', '2017-07-21', 'location', null, null, null, '4');
INSERT INTO `buy` VALUES ('633', 'S4S923722642', '260150365', '耐震压力表', 'A', 'Y-100AZ/1.6MPA', '块', '上海满川电器有限公司', '26015', '0.5', '0～2.5kPa', '质检', '流量计MQ001', '6', '2018-01-20', null, '1002V5100000001EIHRP', '2017-03-30', '199', null, null, '198', '2017-07-21', 'location', null, null, null, '4');
INSERT INTO `buy` VALUES ('634', 'S4S923722642', '260150365', '耐震压力表', 'A', 'Y-100AZ/1.6MPA', '块', '上海满川电器有限公司', '26015', '0.5', '0～2.5kPa', '质检', '流量计MQ001', '6', '2018-01-20', null, '1002V5100000001EIHRP', '2017-03-30', '199', null, null, '198', '2017-07-21', 'location', null, null, null, '4');
INSERT INTO `buy` VALUES ('635', 'S4S923722642', '260150365', '耐震压力表', 'A', 'Y-100AZ/1.6MPA', '块', '上海满川电器有限公司', '26015', '0.5', '0～2.5kPa', '质检', '流量计MQ001', '6', '2018-01-20', null, '1002V5100000001EIHRP', '2017-03-30', '199', null, null, '198', '2017-07-21', 'location', null, null, null, '4');
INSERT INTO `buy` VALUES ('636', 'S4S923722642', '260150365', '耐震压力表', 'A', 'Y-100AZ/1.6MPA', '块', '上海满川电器有限公司', '26015', '0.5', '0～2.5kPa', '质检', '流量计MQ001', '6', '2018-01-20', null, '1002V5100000001EIHRP', '2017-03-30', '199', null, null, '198', '2017-07-21', 'location', null, null, null, '4');
INSERT INTO `buy` VALUES ('637', 'S4S923722642', '260150365', '耐震压力表', 'A', 'Y-100AZ/1.6MPA', '块', '上海满川电器有限公司', '26015', '0.5', '0～2.5kPa', '质检', '流量计MQ001', '6', '2018-01-20', null, '1002V5100000001EIHRP', '2017-03-30', '199', null, null, '198', '2017-07-21', 'location', null, null, null, '4');
INSERT INTO `buy` VALUES ('638', 'S4S923722642', '260150365', '耐震压力表', 'A', 'Y-100AZ/1.6MPA', '块', '上海满川电器有限公司', '26015', '0.5', '0～2.5kPa', '质检', '流量计MQ001', '6', '2018-01-20', null, '1002V5100000001EIHRP', '2017-03-30', '199', null, null, '198', '2017-07-21', 'location', null, null, null, '4');
INSERT INTO `buy` VALUES ('639', 'S4S923722642', '260150365', '耐震压力表', 'A', 'Y-100AZ/1.6MPA', '块', '上海满川电器有限公司', '26015', '0.5', '0～2.5kPa', '质检', '流量计MQ001', '6', '2018-01-20', null, '1002V5100000001EIHRP', '2017-03-30', '199', null, null, '198', '2017-07-21', 'location', null, null, null, '4');
INSERT INTO `buy` VALUES ('640', 'S4S923722642', '260150365', '耐震压力表', 'A', 'Y-100AZ/1.6MPA', '块', '上海满川电器有限公司', '26015', '0.5', '0～2.5kPa', '质检', '流量计MQ001', '6', '2018-01-20', null, '1002V5100000001EIHRP', '2017-03-30', '199', null, null, '198', '2017-07-21', 'location', null, null, null, '4');
INSERT INTO `buy` VALUES ('641', 'S4S923722642', '260150365', '耐震压力表', 'A', 'Y-100AZ/1.6MPA', '块', '上海满川电器有限公司', '26015', '0.5', '0～2.5kPa', '质检', '流量计MQ001', '6', '2018-01-20', null, '1002V5100000001EIHRP', '2017-03-30', '199', null, null, '198', '2017-07-21', 'location', null, null, null, '4');
INSERT INTO `buy` VALUES ('642', 'S4S923722642', '260150365', '耐震压力表', 'A', 'Y-100AZ/1.6MPA', '块', '上海满川电器有限公司', '26015', '0.5', '0～2.5kPa', '质检', '流量计MQ001', '6', '2018-01-20', null, '1002V5100000001EIHRP', '2017-03-30', '199', null, null, '198', '2017-07-21', 'location', null, null, null, '4');
INSERT INTO `buy` VALUES ('643', 'S4S923722642', '260150365', '耐震压力表', 'A', 'Y-100AZ/1.6MPA', '块', '上海满川电器有限公司', '26015', '0.5', '0～2.5kPa', '质检', '流量计MQ001', '6', '2018-01-20', null, '1002V5100000001EIHRP', '2017-03-30', '199', null, null, '198', '2017-07-21', 'location', null, null, null, '4');
INSERT INTO `buy` VALUES ('644', 'S4S923722642', '260150365', '耐震压力表', 'A', 'Y-100AZ/1.6MPA', '块', '上海满川电器有限公司', '26015', '0.5', '0～2.5kPa', '质检', '流量计MQ001', '6', '2018-01-20', null, '1002V5100000001EIHRP', '2017-03-30', '199', null, null, '198', '2017-07-21', 'location', null, null, null, '4');
INSERT INTO `buy` VALUES ('645', 'S4S923722642', '260150365', '耐震压力表', 'A', 'Y-100AZ/1.6MPA', '块', '上海满川电器有限公司', '26015', '0.5', '0～2.5kPa', '质检', '流量计MQ001', '6', '2018-01-20', null, '1002V5100000001EIHRP', '2017-03-30', '199', null, null, '198', '2017-07-21', 'location', null, null, null, '4');
INSERT INTO `buy` VALUES ('646', 'S4S923722642', '260150365', '耐震压力表', 'A', 'Y-100AZ/1.6MPA', '块', '上海满川电器有限公司', '26015', '0.5', '0～2.5kPa', '质检', '流量计MQ001', '6', '2018-01-20', null, '1002V5100000001EIHRP', '2017-03-30', '199', null, null, '198', '2017-07-21', 'location', null, null, null, '4');
INSERT INTO `buy` VALUES ('647', 'S4S923722642', '260150365', '耐震压力表', 'A', 'Y-100AZ/1.6MPA', '块', '上海满川电器有限公司', '26015', '0.5', '0～2.5kPa', '质检', '流量计MQ001', '6', '2018-01-20', null, '1002V5100000001EIHRP', '2017-03-30', '199', null, null, '198', '2017-07-21', 'location', null, null, null, '4');
INSERT INTO `buy` VALUES ('648', 'S4S923722642', '260150365', '耐震压力表', 'A', 'Y-100AZ/1.6MPA', '块', '上海满川电器有限公司', '26015', '0.5', '0～2.5kPa', '质检', '流量计MQ001', '6', '2018-01-20', null, '1002V5100000001EIHRP', '2017-03-30', '199', null, null, '198', '2017-07-21', 'location', null, null, null, '4');
INSERT INTO `buy` VALUES ('649', 'S4S923722642', '260150365', '耐震压力表', 'A', 'Y-100AZ/1.6MPA', '块', '上海满川电器有限公司', '26015', '0.5', '0～2.5kPa', '质检', '流量计MQ001', '6', '2018-01-20', null, '1002V5100000001EIHRP', '2017-03-30', '199', null, null, '198', '2017-07-21', 'location', null, null, null, '4');
INSERT INTO `buy` VALUES ('650', 'S4S923722642', '260150365', '耐震压力表', 'A', 'Y-100AZ/1.6MPA', '块', '上海满川电器有限公司', '26015', '0.5', '0～2.5kPa', '质检', '流量计MQ001', '6', '2018-01-20', null, '1002V5100000001EIHRP', '2017-03-30', '199', null, null, '198', '2017-07-21', 'location', null, null, null, '4');
INSERT INTO `buy` VALUES ('651', 'S4S923722642', '260150335', '耐震压力表', 'A', 'Y-100AZ/1.6MPA', '块', '上海满川电器有限公司', '26015', '0.5', '0～2.5kPa', '质检', '流量计MQ001', '6', '2018-01-20', null, '1002V5100000001ABOFX', '2017-03-30', '199', null, null, '198', '2017-07-21', 'location', null, null, null, '4');
INSERT INTO `buy` VALUES ('652', 'S4S923722642', '260150335', '耐震压力表', 'A', 'Y-100AZ/1.6MPA', '块', '上海满川电器有限公司', '26015', '0.5', '0～2.5kPa', '质检', '流量计MQ001', '6', '2018-01-20', null, '1002V5100000001ABOFX', '2017-03-30', '199', null, null, '198', '2017-07-21', 'location', null, null, null, '4');
INSERT INTO `buy` VALUES ('653', 'S4S923722642', '260150335', '耐震压力表', 'A', 'Y-100AZ/1.6MPA', '块', '上海满川电器有限公司', '26015', '0.5', '0～2.5kPa', '质检', '流量计MQ001', '6', '2018-01-20', null, '1002V5100000001ABOFX', '2017-03-30', '199', null, null, '198', '2017-07-21', 'location', null, null, null, '4');
INSERT INTO `buy` VALUES ('654', 'S4S923722642', '260150335', '耐震压力表', 'A', 'Y-100AZ/1.6MPA', '块', '上海满川电器有限公司', '26015', '0.5', '0～2.5kPa', '质检', '流量计MQ001', '6', '2018-01-20', null, '1002V5100000001ABOFX', '2017-03-30', '199', null, null, '198', '2017-07-21', 'location', null, null, null, '4');
INSERT INTO `buy` VALUES ('655', 'S4S923722642', '260150335', '耐震压力表', 'A', 'Y-100AZ/1.6MPA', '块', '上海满川电器有限公司', '26015', '0.5', '0～2.5kPa', '质检', '流量计MQ001', '6', '2018-01-20', null, '1002V5100000001ABOFX', '2017-03-30', '199', null, null, '198', '2017-07-21', 'location', null, null, null, '4');
INSERT INTO `buy` VALUES ('656', 'S4S923722642', '260070040049', '耐震压力表', 'A', 'Y-100AZ/1.6MPA', '块', '上海满川电器有限公司', '26007004', '0.5', '0～2.5kPa', '质检', '流量计MQ001', '6', '2018-01-20', null, '1002V5100000001M62GV', '2017-03-30', '199', null, null, '198', '2017-07-21', 'location', null, null, null, '4');
INSERT INTO `buy` VALUES ('657', 'S4S923722642', '260070040049', '耐震压力表', 'A', 'Y-100AZ/1.6MPA', '块', '上海满川电器有限公司', '26007004', '0.5', '0～2.5kPa', '质检', '流量计MQ001', '6', '2018-01-20', null, '1002V5100000001M62GV', '2017-03-30', '199', null, null, '198', '2017-07-21', 'location', null, null, null, '4');
INSERT INTO `buy` VALUES ('658', 'S4S923722642', '260070020343', '耐震压力表', 'A', 'Y-100AZ/1.6MPA', '块', '上海满川电器有限公司', '26007002', '0.5', '0～2.5kPa', '质检', '流量计MQ001', '6', '2018-01-20', null, '1002V5100000001M62GZ', '2017-03-30', '199', null, null, '198', '2017-07-21', 'location', null, null, null, '4');
INSERT INTO `buy` VALUES ('659', 'S4S923722642', '260070020343', '耐震压力表', 'A', 'Y-100AZ/1.6MPA', '块', '上海满川电器有限公司', '26007002', '0.5', '0～2.5kPa', '质检', '流量计MQ001', '6', '2018-01-20', null, '1002V5100000001M62GZ', '2017-03-30', '199', null, null, '198', '2017-07-21', 'location', null, null, null, '4');
INSERT INTO `buy` VALUES ('660', 'S4S923722642', '260990916', '耐震压力表', 'A', 'Y-100AZ/1.6MPA', '块', '上海满川电器有限公司', '26099', '0.5', '0～2.5kPa', '质检', '流量计MQ001', '6', '2018-01-20', null, '1002V5100000001AJH9P', '2017-04-01', '199', null, null, '198', '2017-07-21', 'location', null, null, null, '4');
INSERT INTO `buy` VALUES ('661', 'S4S923722642', '260990582', '耐震压力表', 'A', 'Y-100AZ/1.6MPA', '块', '上海满川电器有限公司', '26099', '0.5', '0～2.5kPa', '质检', '流量计MQ001', '6', '2018-01-20', null, '1002V5100000000LTSBI', '2017-04-01', '199', null, null, '198', '2017-07-21', 'location', null, null, null, '4');
INSERT INTO `buy` VALUES ('662', 'S4S923722642', '260990582', '耐震压力表', 'A', 'Y-100AZ/1.6MPA', '块', '上海满川电器有限公司', '26099', '0.5', '0～2.5kPa', '质检', '流量计MQ001', '6', '2018-01-20', null, '1002V5100000000LTSBI', '2017-04-01', '199', null, null, '198', '2017-07-21', 'location', null, null, null, '4');
INSERT INTO `buy` VALUES ('663', 'S4S923722642', '260990583', '耐震压力表', 'A', 'Y-100AZ/1.6MPA', '块', '上海满川电器有限公司', '26099', '0.5', '0～2.5kPa', '质检', '流量计MQ001', '6', '2018-01-20', null, '1002V5100000000LTSBJ', '2017-04-01', '199', null, null, '198', '2017-07-21', 'location', null, null, null, '4');
INSERT INTO `buy` VALUES ('664', 'S4S923722642', '260990583', '耐震压力表', 'A', 'Y-100AZ/1.6MPA', '块', '上海满川电器有限公司', '26099', '0.5', '0～2.5kPa', '质检', '流量计MQ001', '6', '2018-01-20', null, '1002V5100000000LTSBJ', '2017-04-01', '199', null, null, '198', '2017-07-21', 'location', null, null, null, '4');
INSERT INTO `buy` VALUES ('665', 'S4S923722642', '260991005', '耐震压力表', 'A', 'Y-100AZ/1.6MPA', '块', '上海满川电器有限公司', '26099', '0.5', '0～2.5kPa', '质检', '流量计MQ001', '6', '2018-01-20', null, '1002V5100000001KXYE3', '2017-04-15', '199', null, null, '198', '2017-07-21', 'location', null, null, null, '4');
INSERT INTO `buy` VALUES ('666', 'S4S923722642', '260991005', '耐震压力表', 'A', 'Y-100AZ/1.6MPA', '块', '上海满川电器有限公司', '26099', '0.5', '0～2.5kPa', '质检', '流量计MQ001', '6', '2018-01-20', null, '1002V5100000001KXYE3', '2017-04-15', '199', null, null, '198', '2017-07-21', 'location', null, null, null, '4');
INSERT INTO `buy` VALUES ('667', 'S4S923722642', '260991005', '耐震压力表', 'A', 'Y-100AZ/1.6MPA', '块', '上海满川电器有限公司', '26099', '0.5', '0～2.5kPa', '质检', '流量计MQ001', '6', '2018-01-20', null, '1002V5100000001KXYE3', '2017-04-15', '199', null, null, '198', '2017-07-21', 'location', null, null, null, '4');
INSERT INTO `buy` VALUES ('668', 'S4S923722642', '260991005', '耐震压力表', 'A', 'Y-100AZ/1.6MPA', '块', '上海满川电器有限公司', '26099', '0.5', '0～2.5kPa', '质检', '流量计MQ001', '6', '2018-01-20', null, '1002V5100000001KXYE3', '2017-04-15', '199', null, null, '198', '2017-07-21', 'location', null, null, null, '4');
INSERT INTO `buy` VALUES ('669', 'S4S923722642', '260991005', '耐震压力表', 'A', 'Y-100AZ/1.6MPA', '块', '上海满川电器有限公司', '26099', '0.5', '0～2.5kPa', '质检', '流量计MQ001', '6', '2018-01-20', null, '1002V5100000001KXYE3', '2017-04-15', '199', null, null, '198', '2017-07-21', 'location', null, null, null, '4');
INSERT INTO `buy` VALUES ('670', 'S4S923722642', '260991005', '耐震压力表', 'A', 'Y-100AZ/1.6MPA', '块', '上海满川电器有限公司', '26099', '0.5', '0～2.5kPa', '质检', '流量计MQ001', '6', '2018-01-20', null, '1002V5100000001KXYE3', '2017-04-15', '199', null, null, '198', '2017-07-21', 'location', null, null, null, '4');
INSERT INTO `buy` VALUES ('671', 'S4S923722642', '260070020155', '耐震压力表', 'A', 'Y-100AZ/1.6MPA', '块', '上海满川电器有限公司', '26007002', '0.5', '0～2.5kPa', '质检', '流量计MQ001', '6', '2018-01-20', null, '0001V51000000000CNBY', '2017-02-04', '199', '2017-07-20', 'admin', '198', '2017-07-21', 'location', null, '-562', '562', '8');
INSERT INTO `buy` VALUES ('672', 'S4S923722642', '260070020155', '耐震压力表', 'A', 'Y-100AZ/1.6MPA', '块', '上海满川电器有限公司', '26007002', '0.5', '0～2.5kPa', '质检', '流量计MQ001', '6', '2018-01-20', null, '0001V51000000000CNBY', '2017-02-04', '199', '2017-07-20', 'admin', '198', '2017-07-21', 'location', null, '-562', '562', '8');
INSERT INTO `buy` VALUES ('673', 'S4S923722642', null, '耐震压力表', 'A', 'Y-100AZ/1.6MPA', '块', '上海满川电器有限公司', '26011', '0.5', '0～2.5kPa', '质检', '流量计MQ001', '6', '2018-01-20', null, null, null, '199', '2017-07-22', null, '198', '2017-07-21', 'location', null, null, null, '4');
INSERT INTO `buy` VALUES ('674', 'S4S923722642', null, '耐震压力表', 'A', 'Y-100AZ/1.6MPA', '块', '上海满川电器有限公司', '26011', '0.5', '0～2.5kPa', '质检', '流量计MQ001', '6', '2018-01-20', null, null, null, '199', '2017-07-22', null, '198', '2017-07-21', 'location', null, '-562', '562', '8');
INSERT INTO `buy` VALUES ('675', null, '260120030019', '安全栅', null, 'TM5044-AAAA-V2.0    2线', '个', '邯郸市盈科贸易有限公司', '26012003', null, null, null, null, null, null, null, '1002V51000000009QMOL', '2017-01-17', null, null, null, null, null, null, null, null, null, '1');
INSERT INTO `buy` VALUES ('676', null, '260120030019', '安全栅', null, 'TM5044-AAAA-V2.0    2线', '个', '邯郸市盈科贸易有限公司', '26012003', null, null, null, null, null, null, null, '1002V51000000009QMOL', '2017-01-17', null, null, null, null, null, null, null, null, null, '1');
INSERT INTO `buy` VALUES ('677', null, '260112064', 'S型耐高温称重传感器', null, 'KS516-300KG-H  C3', '只', '邯郸市进步自控工程有限公司', '26011', null, null, null, null, null, null, null, '1002V5100000001FFH07', '2017-01-17', null, null, null, null, null, null, null, null, null, '1');
INSERT INTO `buy` VALUES ('678', null, '260112064', 'S型耐高温称重传感器', null, 'KS516-300KG-H  C3', '只', '邯郸市进步自控工程有限公司', '26011', null, null, null, null, null, null, null, '1002V5100000001FFH07', '2017-01-17', null, null, null, null, null, null, null, null, null, '1');
INSERT INTO `buy` VALUES ('679', null, '260112064', 'S型耐高温称重传感器', null, 'KS516-300KG-H  C3', '只', '邯郸市进步自控工程有限公司', '26011', null, null, null, null, null, null, null, '1002V5100000001FFH07', '2017-01-17', null, null, null, null, null, null, null, null, null, '1');
INSERT INTO `buy` VALUES ('680', null, '260112064', 'S型耐高温称重传感器', null, 'KS516-300KG-H  C3', '只', '邯郸市进步自控工程有限公司', '26011', null, null, null, null, null, null, null, '1002V5100000001FFH07', '2017-01-17', null, null, null, null, null, null, null, null, null, '1');
INSERT INTO `buy` VALUES ('681', null, '260112064', 'S型耐高温称重传感器', null, 'KS516-300KG-H  C3', '只', '邯郸市进步自控工程有限公司', '26011', null, null, null, null, null, null, null, '1002V5100000001FFH07', '2017-01-17', null, null, null, null, null, null, null, null, null, '1');
INSERT INTO `buy` VALUES ('682', null, '260112064', 'S型耐高温称重传感器', null, 'KS516-300KG-H  C3', '只', '邯郸市进步自控工程有限公司', '26011', null, null, null, null, null, null, null, '1002V5100000001FFH07', '2017-01-17', null, null, null, null, null, null, null, null, null, '1');
INSERT INTO `buy` VALUES ('683', null, '260112064', 'S型耐高温称重传感器', null, 'KS516-300KG-H  C3', '只', '邯郸市进步自控工程有限公司', '26011', null, null, null, null, null, null, null, '1002V5100000001FFH07', '2017-01-17', null, null, null, null, null, null, null, null, null, '1');
INSERT INTO `buy` VALUES ('684', null, '260112064', 'S型耐高温称重传感器', null, 'KS516-300KG-H  C3', '只', '邯郸市进步自控工程有限公司', '26011', null, null, null, null, null, null, null, '1002V5100000001FFH07', '2017-01-17', null, null, null, null, null, null, null, null, null, '1');
INSERT INTO `buy` VALUES ('685', null, '260113036', '差压变送器', null, 'EJA110A-（DLS4A-94NA）/0-10Kpa', '台', '上海满川电器有限公司', '26011', null, null, null, null, null, null, null, '1002V5100000000GTF6D', '2017-01-18', null, null, null, null, null, null, null, null, null, '1');
INSERT INTO `buy` VALUES ('686', null, '260113036', '差压变送器', null, 'EJA110A-（DLS4A-94NA）/0-10Kpa', '台', '上海满川电器有限公司', '26011', null, null, null, null, null, null, null, '1002V5100000000GTF6D', '2017-01-18', null, null, null, null, null, null, null, null, null, '1');
INSERT INTO `buy` VALUES ('687', null, '260113120', '位移传感器', null, 'RHM0650MP021S1G6100', '个', '上海满川电器有限公司', '26011', null, null, null, null, null, null, null, '1002V5100000000PYB4I', '2017-01-31', null, null, null, null, null, null, null, null, null, '1');
INSERT INTO `buy` VALUES ('688', null, '260113120', '位移传感器', null, 'RHM0650MP021S1G6100', '个', '上海满川电器有限公司', '26011', null, null, null, null, null, null, null, '1002V5100000000PYB4I', '2017-01-31', null, null, null, null, null, null, null, null, null, '1');
INSERT INTO `buy` VALUES ('689', null, '260113119', '位移传感器', null, 'RHM0065MP021S1G6100', '个', '上海满川电器有限公司', '26011', null, null, null, null, null, null, null, '1002V5100000000PYB4B', '2017-01-31', null, null, null, null, null, null, null, null, null, '1');
INSERT INTO `buy` VALUES ('690', null, '260113119', '位移传感器', null, 'RHM0065MP021S1G6100', '个', '上海满川电器有限公司', '26011', null, null, null, null, null, null, null, '1002V5100000000PYB4B', '2017-01-31', null, null, null, null, null, null, null, null, null, '1');
INSERT INTO `buy` VALUES ('691', null, '260113318', '位移传感器', null, 'RHM1550MP021S1G6100', '个', '上海满川电器有限公司', '26011', null, null, null, null, null, null, null, '1002V5100000001GKA6K', '2017-01-31', null, null, null, null, null, null, null, null, null, '1');
INSERT INTO `buy` VALUES ('692', null, '260113121', '位移传感器', null, 'RHM0450MP021S1G6100', '个', '上海满川电器有限公司', '26011', null, null, null, null, null, null, null, '1002V5100000000PYB4J', '2017-01-31', null, null, null, null, null, null, null, null, null, '1');
INSERT INTO `buy` VALUES ('693', null, '260113121', '位移传感器', null, 'RHM0450MP021S1G6100', '个', '上海满川电器有限公司', '26011', null, null, null, null, null, null, null, '1002V5100000000PYB4J', '2017-01-31', null, null, null, null, null, null, null, null, null, '1');
INSERT INTO `buy` VALUES ('694', null, '260112316', '位移传感器', null, 'RHM0600MP021S1G6100', '块', '上海满川电器有限公司', '26011', null, null, null, null, null, null, null, '0001V51000000000CMNO', '2017-01-31', null, null, null, null, null, null, null, null, null, '1');
INSERT INTO `buy` VALUES ('695', null, '260112316', '位移传感器', null, 'RHM0600MP021S1G6100', '块', '上海满川电器有限公司', '26011', null, null, null, null, null, null, null, '0001V51000000000CMNO', '2017-01-31', null, null, null, null, null, null, null, null, null, '1');
INSERT INTO `buy` VALUES ('696', null, '260070030300', '防爆热电阻', null, 'WZP-24SA/L=650*500-16', '个', '上海满川电器有限公司', '26007003', null, null, null, null, null, null, null, '1002V5100000001HYZ8M', '2017-02-04', null, null, null, null, null, null, null, null, null, '1');
INSERT INTO `buy` VALUES ('697', null, '260070020155', '热电偶', null, 'WRNK-132/L=2650*2500mm', '支', '上海满川电器有限公司', '26007002', null, null, null, null, null, null, null, '0001V51000000000CNBY', '2017-02-04', null, null, null, null, null, null, null, null, null, '1');
INSERT INTO `buy` VALUES ('698', null, '260070020155', '热电偶', null, 'WRNK-132/L=2650*2500mm', '支', '上海满川电器有限公司', '26007002', null, null, null, null, null, null, null, '0001V51000000000CNBY', '2017-02-04', null, null, null, null, null, null, null, null, null, '1');
INSERT INTO `buy` VALUES ('699', null, '260070020155', '热电偶', null, 'WRNK-132/L=2650*2500mm', '支', '上海满川电器有限公司', '26007002', null, null, null, null, null, null, null, '0001V51000000000CNBY', '2017-02-04', null, null, null, null, null, null, null, null, null, '1');
INSERT INTO `buy` VALUES ('700', null, '260070020155', '热电偶', null, 'WRNK-132/L=2650*2500mm', '支', '上海满川电器有限公司', '26007002', null, null, null, null, null, null, null, '0001V51000000000CNBY', '2017-02-04', null, null, null, null, null, null, null, null, null, '1');
INSERT INTO `buy` VALUES ('701', null, '260070020155', '热电偶', null, 'WRNK-132/L=2650*2500mm', '支', '上海满川电器有限公司', '26007002', null, null, null, null, null, null, null, '0001V51000000000CNBY', '2017-02-04', null, null, null, null, null, null, null, null, null, '1');
INSERT INTO `buy` VALUES ('702', null, '260070020156', '热电偶', null, 'WRNK-132/L=3400*3250mm', '支', '上海满川电器有限公司', '26007002', null, null, null, null, null, null, null, '0001V51000000000CNPE', '2017-02-04', null, null, null, null, null, null, null, null, null, '1');
INSERT INTO `buy` VALUES ('703', null, '260070020156', '热电偶', null, 'WRNK-132/L=3400*3250mm', '支', '上海满川电器有限公司', '26007002', null, null, null, null, null, null, null, '0001V51000000000CNPE', '2017-02-04', null, null, null, null, null, null, null, null, null, '1');
INSERT INTO `buy` VALUES ('704', null, '260070020331', '热电偶', null, 'WRNK-336K/L=800*6/0-1000℃M16*1.5', '支', '上海满川电器有限公司', '26007002', null, null, null, null, null, null, null, '1002V5100000001BWH1D', '2017-02-04', null, null, null, null, null, null, null, null, null, '1');
INSERT INTO `buy` VALUES ('705', null, '260070020331', '热电偶', null, 'WRNK-336K/L=800*6/0-1000℃M16*1.5', '支', '上海满川电器有限公司', '26007002', null, null, null, null, null, null, null, '1002V5100000001BWH1D', '2017-02-04', null, null, null, null, null, null, null, null, null, '1');
INSERT INTO `buy` VALUES ('706', null, '260070020331', '热电偶', null, 'WRNK-336K/L=800*6/0-1000℃M16*1.5', '支', '上海满川电器有限公司', '26007002', null, null, null, null, null, null, null, '1002V5100000001BWH1D', '2017-02-04', null, null, null, null, null, null, null, null, null, '1');
INSERT INTO `buy` VALUES ('707', null, '260070020331', '热电偶', null, 'WRNK-336K/L=800*6/0-1000℃M16*1.5', '支', '上海满川电器有限公司', '26007002', null, null, null, null, null, null, null, '1002V5100000001BWH1D', '2017-02-04', null, null, null, null, null, null, null, null, null, '1');
INSERT INTO `buy` VALUES ('709', 'S4S923722642', '260040020189', '耐震压力表', 'A', 'Y-100AZ/1.6MPA', '块', '上海满川电器有限公司', '26004002', '0.5', '0～2.5kPa', '质检', '流量计MQ001', '6', '2018-02-01', null, '1002V5100000001KAUNR', '2017-02-06', '199', '2017-08-01', 'admin', '198', '2017-08-08', 'location', null, null, null, '4');
INSERT INTO `buy` VALUES ('710', 'S4S923722642', '260040020189', '耐震压力表', 'A', 'Y-100AZ/1.6MPA', '块', '上海满川电器有限公司', '26004002', '0.5', '0～2.5kPa', '质检', '流量计MQ001', '6', '2018-02-03', null, '1002V5100000001KAUNR', '2017-02-06', '199', '2017-08-08', 'admin', '198', '2017-08-10', 'location', null, null, null, '4');
INSERT INTO `buy` VALUES ('711', 'S4S923722642', '260040020189', '耐震压力表', 'A', 'Y-100AZ/1.6MPA', '块', '上海满川电器有限公司', '26004002', '0.5', '0～2.5kPa', '质检', '流量计MQ001', '6', '2018-02-05', null, '1002V5100000001KAUNR', '2017-02-06', '199', '2017-08-08', 'admin', '198', '2017-08-12', 'location', null, null, null, '4');
INSERT INTO `buy` VALUES ('712', 'S4S923722642', '260040020189', '耐震压力表', 'A', 'Y-100AZ/1.6MPA', '块', '上海满川电器有限公司', '26004002', '0.5', '0～2.5kPa', '质检', '流量计MQ001', '6', '2018-02-05', null, '1002V5100000001KAUNR', '2017-02-06', '199', '2017-08-08', 'admin', '198', '2017-08-12', 'location', null, null, null, '4');
INSERT INTO `buy` VALUES ('713', 'S4S923722642', '260040020189', '耐震压力表', 'A', 'Y-100AZ/1.6MPA', '块', '上海满川电器有限公司', '26004002', '0.5', '0～2.5kPa', '质检', '流量计MQ001', '6', '2018-02-05', null, '1002V5100000001KAUNR', '2017-02-06', '199', '2017-08-08', 'admin', '198', '2017-08-12', 'location', null, null, null, '4');
INSERT INTO `buy` VALUES ('714', 'S4S923722642', '260040020189', '耐震压力表', 'A', 'Y-100AZ/1.6MPA', '块', '上海满川电器有限公司', '26004002', '0.5', '0～2.5kPa', '质检', '流量计MQ001', '6', '2018-02-05', null, '1002V5100000001KAUNR', '2017-02-06', '199', '2017-08-10', 'admin', '89', '2017-08-12', 'location', null, null, null, '4');
INSERT INTO `buy` VALUES ('715', 'S4S923722642', '260040020189', '耐震压力表', 'A', 'Y-100AZ/1.6MPA', '块', '上海满川电器有限公司', '26004002', '0.5', '0～2.5kPa', '质检', '流量计MQ001', '6', '2018-02-04', null, '1002V5100000001KAUNR', '2017-02-06', '199', '2017-08-12', 'admin', '198', '2017-08-12', 'location', null, null, null, '4');
INSERT INTO `buy` VALUES ('716', 'S4S923722642', '260040020189', '耐震压力表', 'A', 'Y-100AZ/1.6MPA', '块', '上海满川电器有限公司', '26004002', '0.5', '0～2.5kPa', '质检', '流量计MQ001', '6', '2018-02-04', null, '1002V5100000001KAUNR', '2017-02-06', '199', '2017-08-12', 'admin', '198', '2017-08-12', 'location', null, null, null, '4');
INSERT INTO `buy` VALUES ('717', 'S4S923722642', '260040020189', '耐震压力表', 'A', 'Y-100AZ/1.6MPA', '块', '上海满川电器有限公司', '26004002', '0.5', '0～2.5kPa', '质检', '流量计MQ001', '6', '2018-02-05', null, '1002V5100000001KAUNR', '2017-02-06', '199', '2017-08-12', 'admin', '198', '2017-08-12', 'location', null, null, null, '4');
INSERT INTO `buy` VALUES ('718', null, '260150379', '多功能报警器', null, 'BC-2WS/50W(AS201/AC220V+80W喇叭+AS手持话筒', '台', '上海满川电器有限公司', '26015', null, null, null, null, null, null, null, '1002V5100000001K4SWM', '2017-03-08', null, null, null, null, null, null, null, null, null, '1');
INSERT INTO `buy` VALUES ('719', null, '260150379', '多功能报警器', null, 'BC-2WS/50W(AS201/AC220V+80W喇叭+AS手持话筒', '台', '上海满川电器有限公司', '26015', null, null, null, null, null, null, null, '1002V5100000001K4SWM', '2017-03-08', null, null, null, null, null, null, null, null, null, '1');
INSERT INTO `buy` VALUES ('720', null, '260150379', '多功能报警器', null, 'BC-2WS/50W(AS201/AC220V+80W喇叭+AS手持话筒', '台', '上海满川电器有限公司', '26015', null, null, null, null, null, null, null, '1002V5100000001K4SWM', '2017-03-08', null, null, null, null, null, null, null, null, null, '1');
INSERT INTO `buy` VALUES ('721', null, '260150379', '多功能报警器', null, 'BC-2WS/50W(AS201/AC220V+80W喇叭+AS手持话筒', '台', '上海满川电器有限公司', '26015', null, null, null, null, null, null, null, '1002V5100000001K4SWM', '2017-03-08', null, null, null, null, null, null, null, null, null, '1');
INSERT INTO `buy` VALUES ('722', 'S4S923722642', '260040020190', '耐震压力表', 'A', 'Y-100AZ/0-1Mpa', '块', '上海满川电器有限公司', '26004002', '0.5', '0～2.5kPa', '质检', '流量计MQ001', '6', '2018-02-04', null, '1002V5100000001KAUNS', '2017-03-08', '199', '2017-08-12', 'admin', '198', '2017-08-12', 'location', null, null, null, '4');
INSERT INTO `buy` VALUES ('723', 'S4S923722642', '260040020190', '耐震压力表', 'A', 'Y-100AZ/0-1Mpa', '块', '上海满川电器有限公司', '26004002', '0.5', '0～2.5kPa', '质检', '流量计MQ001', '6', '2018-02-04', null, '1002V5100000001KAUNS', '2017-03-08', '199', '2017-08-12', 'admin', '198', null, null, null, null, null, '3');
INSERT INTO `buy` VALUES ('724', 'S4S923722642', '260040020190', '耐震压力表', 'A', 'Y-100AZ/0-1Mpa', '块', '上海满川电器有限公司', '26004002', '0.5', '0～2.5kPa', '安全', '流量计MQ001', '6', '2018-02-09', null, '1002V5100000001KAUNS', '2017-03-08', '199', '2017-08-12', 'admin', '198', null, null, null, null, null, '3');
INSERT INTO `buy` VALUES ('725', 'S5S923722645', '260040020190', '耐震压力表', 'A', 'Y-100AZ/0-1Mpa', '块', '上海满川电器有限公司', '26004002', '0.5', '0～2.5kPa', '质检', '流量计MQ001', '6', '2018-02-03', null, '1002V5100000001KAUNS', '2017-03-08', '199', '2017-08-12', 'admin', '198', null, null, null, null, null, '3');
INSERT INTO `buy` VALUES ('726', 'S6S923722646', '260040020190', '耐震压力表', 'A', 'Y-100AZ/0-1Mpa', '块', '上海满川电器有限公司', '26004002', '0.5', '0～2.5kPa', '控制', '流量计MQ001', '6', '2018-02-03', 'test外检公司', '1002V5100000001KAUNS', '2017-03-08', 'isOut', '2017-08-12', 'admin', '198', null, null, null, null, null, '3');
INSERT INTO `buy` VALUES ('727', null, '260113364', '差压变送器', null, 'EJA110A-ELS5A-92NA/0-2.5KPA', '个', '上海满川电器有限公司', '26011', null, null, null, null, null, null, null, '1002V5100000001LNQ62', '2017-03-14', null, null, null, null, null, null, null, null, null, '1');
INSERT INTO `buy` VALUES ('729', null, '260150389', '固定式报警控制器', null, 'DKT-800/32/CO', '个', '上海满川电器有限公司', '26015', null, null, null, null, null, null, null, '1002V5100000001M62IH', '2017-03-30', null, null, null, null, null, null, null, null, null, '1');
INSERT INTO `buy` VALUES ('730', null, '260150389', '固定式报警控制器', null, 'DKT-800/32/CO', '个', '上海满川电器有限公司', '26015', null, null, null, null, null, null, null, '1002V5100000001M62IH', '2017-03-30', null, null, null, null, null, null, null, null, null, '1');
INSERT INTO `buy` VALUES ('731', null, '260150365', '固定式煤气报警仪', null, 'DKT-500D/CO', '件', '上海满川电器有限公司', '26015', null, null, null, null, null, null, null, '1002V5100000001EIHRP', '2017-03-30', null, null, null, null, null, null, null, null, null, '1');
INSERT INTO `buy` VALUES ('732', null, '260150365', '固定式煤气报警仪', null, 'DKT-500D/CO', '件', '上海满川电器有限公司', '26015', null, null, null, null, null, null, null, '1002V5100000001EIHRP', '2017-03-30', null, null, null, null, null, null, null, null, null, '1');
INSERT INTO `buy` VALUES ('733', null, '260150365', '固定式煤气报警仪', null, 'DKT-500D/CO', '件', '上海满川电器有限公司', '26015', null, null, null, null, null, null, null, '1002V5100000001EIHRP', '2017-03-30', null, null, null, null, null, null, null, null, null, '1');
INSERT INTO `buy` VALUES ('734', null, '260150365', '固定式煤气报警仪', null, 'DKT-500D/CO', '件', '上海满川电器有限公司', '26015', null, null, null, null, null, null, null, '1002V5100000001EIHRP', '2017-03-30', null, null, null, null, null, null, null, null, null, '1');
INSERT INTO `buy` VALUES ('735', null, '260150365', '固定式煤气报警仪', null, 'DKT-500D/CO', '件', '上海满川电器有限公司', '26015', null, null, null, null, null, null, null, '1002V5100000001EIHRP', '2017-03-30', null, null, null, null, null, null, null, null, null, '1');
INSERT INTO `buy` VALUES ('736', null, '260150365', '固定式煤气报警仪', null, 'DKT-500D/CO', '件', '上海满川电器有限公司', '26015', null, null, null, null, null, null, null, '1002V5100000001EIHRP', '2017-03-30', null, null, null, null, null, null, null, null, null, '1');
INSERT INTO `buy` VALUES ('737', null, '260150365', '固定式煤气报警仪', null, 'DKT-500D/CO', '件', '上海满川电器有限公司', '26015', null, null, null, null, null, null, null, '1002V5100000001EIHRP', '2017-03-30', null, null, null, null, null, null, null, null, null, '1');
INSERT INTO `buy` VALUES ('738', null, '260150365', '固定式煤气报警仪', null, 'DKT-500D/CO', '件', '上海满川电器有限公司', '26015', null, null, null, null, null, null, null, '1002V5100000001EIHRP', '2017-03-30', null, null, null, null, null, null, null, null, null, '1');
INSERT INTO `buy` VALUES ('739', null, '260150365', '固定式煤气报警仪', null, 'DKT-500D/CO', '件', '上海满川电器有限公司', '26015', null, null, null, null, null, null, null, '1002V5100000001EIHRP', '2017-03-30', null, null, null, null, null, null, null, null, null, '1');
INSERT INTO `buy` VALUES ('740', null, '260150365', '固定式煤气报警仪', null, 'DKT-500D/CO', '件', '上海满川电器有限公司', '26015', null, null, null, null, null, null, null, '1002V5100000001EIHRP', '2017-03-30', null, null, null, null, null, null, null, null, null, '1');
INSERT INTO `buy` VALUES ('741', null, '260150365', '固定式煤气报警仪', null, 'DKT-500D/CO', '件', '上海满川电器有限公司', '26015', null, null, null, null, null, null, null, '1002V5100000001EIHRP', '2017-03-30', null, null, null, null, null, null, null, null, null, '1');
INSERT INTO `buy` VALUES ('742', null, '260150365', '固定式煤气报警仪', null, 'DKT-500D/CO', '件', '上海满川电器有限公司', '26015', null, null, null, null, null, null, null, '1002V5100000001EIHRP', '2017-03-30', null, null, null, null, null, null, null, null, null, '1');
INSERT INTO `buy` VALUES ('743', null, '260150365', '固定式煤气报警仪', null, 'DKT-500D/CO', '件', '上海满川电器有限公司', '26015', null, null, null, null, null, null, null, '1002V5100000001EIHRP', '2017-03-30', null, null, null, null, null, null, null, null, null, '1');
INSERT INTO `buy` VALUES ('744', null, '260150365', '固定式煤气报警仪', null, 'DKT-500D/CO', '件', '上海满川电器有限公司', '26015', null, null, null, null, null, null, null, '1002V5100000001EIHRP', '2017-03-30', null, null, null, null, null, null, null, null, null, '1');
INSERT INTO `buy` VALUES ('745', null, '260150365', '固定式煤气报警仪', null, 'DKT-500D/CO', '件', '上海满川电器有限公司', '26015', null, null, null, null, null, null, null, '1002V5100000001EIHRP', '2017-03-30', null, null, null, null, null, null, null, null, null, '1');
INSERT INTO `buy` VALUES ('746', null, '260150365', '固定式煤气报警仪', null, 'DKT-500D/CO', '件', '上海满川电器有限公司', '26015', null, null, null, null, null, null, null, '1002V5100000001EIHRP', '2017-03-30', null, null, null, null, null, null, null, null, null, '1');
INSERT INTO `buy` VALUES ('747', null, '260150365', '固定式煤气报警仪', null, 'DKT-500D/CO', '件', '上海满川电器有限公司', '26015', null, null, null, null, null, null, null, '1002V5100000001EIHRP', '2017-03-30', null, null, null, null, null, null, null, null, null, '1');
INSERT INTO `buy` VALUES ('748', null, '260150365', '固定式煤气报警仪', null, 'DKT-500D/CO', '件', '上海满川电器有限公司', '26015', null, null, null, null, null, null, null, '1002V5100000001EIHRP', '2017-03-30', null, null, null, null, null, null, null, null, null, '1');
INSERT INTO `buy` VALUES ('749', null, '260150365', '固定式煤气报警仪', null, 'DKT-500D/CO', '件', '上海满川电器有限公司', '26015', null, null, null, null, null, null, null, '1002V5100000001EIHRP', '2017-03-30', null, null, null, null, null, null, null, null, null, '1');
INSERT INTO `buy` VALUES ('750', null, '260150365', '固定式煤气报警仪', null, 'DKT-500D/CO', '件', '上海满川电器有限公司', '26015', null, null, null, null, null, null, null, '1002V5100000001EIHRP', '2017-03-30', null, null, null, null, null, null, null, null, null, '1');
INSERT INTO `buy` VALUES ('751', null, '260150365', '固定式煤气报警仪', null, 'DKT-500D/CO', '件', '上海满川电器有限公司', '26015', null, null, null, null, null, null, null, '1002V5100000001EIHRP', '2017-03-30', null, null, null, null, null, null, null, null, null, '1');
INSERT INTO `buy` VALUES ('752', null, '260150365', '固定式煤气报警仪', null, 'DKT-500D/CO', '件', '上海满川电器有限公司', '26015', null, null, null, null, null, null, null, '1002V5100000001EIHRP', '2017-03-30', null, null, null, null, null, null, null, null, null, '1');
INSERT INTO `buy` VALUES ('753', null, '260150365', '固定式煤气报警仪', null, 'DKT-500D/CO', '件', '上海满川电器有限公司', '26015', null, null, null, null, null, null, null, '1002V5100000001EIHRP', '2017-03-30', null, null, null, null, null, null, null, null, null, '1');
INSERT INTO `buy` VALUES ('754', null, '260150365', '固定式煤气报警仪', null, 'DKT-500D/CO', '件', '上海满川电器有限公司', '26015', null, null, null, null, null, null, null, '1002V5100000001EIHRP', '2017-03-30', null, null, null, null, null, null, null, null, null, '1');
INSERT INTO `buy` VALUES ('755', null, '260150365', '固定式煤气报警仪', null, 'DKT-500D/CO', '件', '上海满川电器有限公司', '26015', null, null, null, null, null, null, null, '1002V5100000001EIHRP', '2017-03-30', null, null, null, null, null, null, null, null, null, '1');
INSERT INTO `buy` VALUES ('756', null, '260150365', '固定式煤气报警仪', null, 'DKT-500D/CO', '件', '上海满川电器有限公司', '26015', null, null, null, null, null, null, null, '1002V5100000001EIHRP', '2017-03-30', null, null, null, null, null, null, null, null, null, '1');
INSERT INTO `buy` VALUES ('757', null, '260150365', '固定式煤气报警仪', null, 'DKT-500D/CO', '件', '上海满川电器有限公司', '26015', null, null, null, null, null, null, null, '1002V5100000001EIHRP', '2017-03-30', null, null, null, null, null, null, null, null, null, '1');
INSERT INTO `buy` VALUES ('758', null, '260150365', '固定式煤气报警仪', null, 'DKT-500D/CO', '件', '上海满川电器有限公司', '26015', null, null, null, null, null, null, null, '1002V5100000001EIHRP', '2017-03-30', null, null, null, null, null, null, null, null, null, '1');
INSERT INTO `buy` VALUES ('759', null, '260150365', '固定式煤气报警仪', null, 'DKT-500D/CO', '件', '上海满川电器有限公司', '26015', null, null, null, null, null, null, null, '1002V5100000001EIHRP', '2017-03-30', null, null, null, null, null, null, null, null, null, '1');
INSERT INTO `buy` VALUES ('760', null, '260150365', '固定式煤气报警仪', null, 'DKT-500D/CO', '件', '上海满川电器有限公司', '26015', null, null, null, null, null, null, null, '1002V5100000001EIHRP', '2017-03-30', null, null, null, null, null, null, null, null, null, '1');
INSERT INTO `buy` VALUES ('761', null, '260150365', '固定式煤气报警仪', null, 'DKT-500D/CO', '件', '上海满川电器有限公司', '26015', null, null, null, null, null, null, null, '1002V5100000001EIHRP', '2017-03-30', null, null, null, null, null, null, null, null, null, '1');
INSERT INTO `buy` VALUES ('762', null, '260150365', '固定式煤气报警仪', null, 'DKT-500D/CO', '件', '上海满川电器有限公司', '26015', null, null, null, null, null, null, null, '1002V5100000001EIHRP', '2017-03-30', null, null, null, null, null, null, null, null, null, '1');
INSERT INTO `buy` VALUES ('763', null, '260150365', '固定式煤气报警仪', null, 'DKT-500D/CO', '件', '上海满川电器有限公司', '26015', null, null, null, null, null, null, null, '1002V5100000001EIHRP', '2017-03-30', null, null, null, null, null, null, null, null, null, '1');
INSERT INTO `buy` VALUES ('764', null, '260150365', '固定式煤气报警仪', null, 'DKT-500D/CO', '件', '上海满川电器有限公司', '26015', null, null, null, null, null, null, null, '1002V5100000001EIHRP', '2017-03-30', null, null, null, null, null, null, null, null, null, '1');
INSERT INTO `buy` VALUES ('765', null, '260150365', '固定式煤气报警仪', null, 'DKT-500D/CO', '件', '上海满川电器有限公司', '26015', null, null, null, null, null, null, null, '1002V5100000001EIHRP', '2017-03-30', null, null, null, null, null, null, null, null, null, '1');
INSERT INTO `buy` VALUES ('766', null, '260150365', '固定式煤气报警仪', null, 'DKT-500D/CO', '件', '上海满川电器有限公司', '26015', null, null, null, null, null, null, null, '1002V5100000001EIHRP', '2017-03-30', null, null, null, null, null, null, null, null, null, '1');
INSERT INTO `buy` VALUES ('767', null, '260150365', '固定式煤气报警仪', null, 'DKT-500D/CO', '件', '上海满川电器有限公司', '26015', null, null, null, null, null, null, null, '1002V5100000001EIHRP', '2017-03-30', null, null, null, null, null, null, null, null, null, '1');
INSERT INTO `buy` VALUES ('768', null, '260150365', '固定式煤气报警仪', null, 'DKT-500D/CO', '件', '上海满川电器有限公司', '26015', null, null, null, null, null, null, null, '1002V5100000001EIHRP', '2017-03-30', null, null, null, null, null, null, null, null, null, '1');
INSERT INTO `buy` VALUES ('769', null, '260150365', '固定式煤气报警仪', null, 'DKT-500D/CO', '件', '上海满川电器有限公司', '26015', null, null, null, null, null, null, null, '1002V5100000001EIHRP', '2017-03-30', null, null, null, null, null, null, null, null, null, '1');
INSERT INTO `buy` VALUES ('770', null, '260150365', '固定式煤气报警仪', null, 'DKT-500D/CO', '件', '上海满川电器有限公司', '26015', null, null, null, null, null, null, null, '1002V5100000001EIHRP', '2017-03-30', null, null, null, null, null, null, null, null, null, '1');
INSERT INTO `buy` VALUES ('771', null, '260150365', '固定式煤气报警仪', null, 'DKT-500D/CO', '件', '上海满川电器有限公司', '26015', null, null, null, null, null, null, null, '1002V5100000001EIHRP', '2017-03-30', null, null, null, null, null, null, null, null, null, '1');
INSERT INTO `buy` VALUES ('772', null, '260150365', '固定式煤气报警仪', null, 'DKT-500D/CO', '件', '上海满川电器有限公司', '26015', null, null, null, null, null, null, null, '1002V5100000001EIHRP', '2017-03-30', null, null, null, null, null, null, null, null, null, '1');
INSERT INTO `buy` VALUES ('773', null, '260150365', '固定式煤气报警仪', null, 'DKT-500D/CO', '件', '上海满川电器有限公司', '26015', null, null, null, null, null, null, null, '1002V5100000001EIHRP', '2017-03-30', null, null, null, null, null, null, null, null, null, '1');
INSERT INTO `buy` VALUES ('774', null, '260150365', '固定式煤气报警仪', null, 'DKT-500D/CO', '件', '上海满川电器有限公司', '26015', null, null, null, null, null, null, null, '1002V5100000001EIHRP', '2017-03-30', null, null, null, null, null, null, null, null, null, '1');
INSERT INTO `buy` VALUES ('775', null, '260150365', '固定式煤气报警仪', null, 'DKT-500D/CO', '件', '上海满川电器有限公司', '26015', null, null, null, null, null, null, null, '1002V5100000001EIHRP', '2017-03-30', null, null, null, null, null, null, null, null, null, '1');
INSERT INTO `buy` VALUES ('776', null, '260150365', '固定式煤气报警仪', null, 'DKT-500D/CO', '件', '上海满川电器有限公司', '26015', null, null, null, null, null, null, null, '1002V5100000001EIHRP', '2017-03-30', null, null, null, null, null, null, null, null, null, '1');
INSERT INTO `buy` VALUES ('777', null, '260150365', '固定式煤气报警仪', null, 'DKT-500D/CO', '件', '上海满川电器有限公司', '26015', null, null, null, null, null, null, null, '1002V5100000001EIHRP', '2017-03-30', null, null, null, null, null, null, null, null, null, '1');
INSERT INTO `buy` VALUES ('778', null, '260150365', '固定式煤气报警仪', null, 'DKT-500D/CO', '件', '上海满川电器有限公司', '26015', null, null, null, null, null, null, null, '1002V5100000001EIHRP', '2017-03-30', null, null, null, null, null, null, null, null, null, '1');
INSERT INTO `buy` VALUES ('779', null, '260150365', '固定式煤气报警仪', null, 'DKT-500D/CO', '件', '上海满川电器有限公司', '26015', null, null, null, null, null, null, null, '1002V5100000001EIHRP', '2017-03-30', null, null, null, null, null, null, null, null, null, '1');
INSERT INTO `buy` VALUES ('780', null, '260150365', '固定式煤气报警仪', null, 'DKT-500D/CO', '件', '上海满川电器有限公司', '26015', null, null, null, null, null, null, null, '1002V5100000001EIHRP', '2017-03-30', null, null, null, null, null, null, null, null, null, '1');
INSERT INTO `buy` VALUES ('781', null, '260150365', '固定式煤气报警仪', null, 'DKT-500D/CO', '件', '上海满川电器有限公司', '26015', null, null, null, null, null, null, null, '1002V5100000001EIHRP', '2017-03-30', null, null, null, null, null, null, null, null, null, '1');
INSERT INTO `buy` VALUES ('782', null, '260150365', '固定式煤气报警仪', null, 'DKT-500D/CO', '件', '上海满川电器有限公司', '26015', null, null, null, null, null, null, null, '1002V5100000001EIHRP', '2017-03-30', null, null, null, null, null, null, null, null, null, '1');
INSERT INTO `buy` VALUES ('783', null, '260150365', '固定式煤气报警仪', null, 'DKT-500D/CO', '件', '上海满川电器有限公司', '26015', null, null, null, null, null, null, null, '1002V5100000001EIHRP', '2017-03-30', null, null, null, null, null, null, null, null, null, '1');
INSERT INTO `buy` VALUES ('784', null, '260150365', '固定式煤气报警仪', null, 'DKT-500D/CO', '件', '上海满川电器有限公司', '26015', null, null, null, null, null, null, null, '1002V5100000001EIHRP', '2017-03-30', null, null, null, null, null, null, null, null, null, '1');
INSERT INTO `buy` VALUES ('785', null, '260150365', '固定式煤气报警仪', null, 'DKT-500D/CO', '件', '上海满川电器有限公司', '26015', null, null, null, null, null, null, null, '1002V5100000001EIHRP', '2017-03-30', null, null, null, null, null, null, null, null, null, '1');
INSERT INTO `buy` VALUES ('786', null, '260150365', '固定式煤气报警仪', null, 'DKT-500D/CO', '件', '上海满川电器有限公司', '26015', null, null, null, null, null, null, null, '1002V5100000001EIHRP', '2017-03-30', null, null, null, null, null, null, null, null, null, '1');
INSERT INTO `buy` VALUES ('787', null, '260150335', '便携式煤气报警仪', null, 'GAXT-M-DL/CO', '个', '上海满川电器有限公司', '26015', null, null, null, null, null, null, null, '1002V5100000001ABOFX', '2017-03-30', null, null, null, null, null, null, null, null, null, '1');
INSERT INTO `buy` VALUES ('788', null, '260150335', '便携式煤气报警仪', null, 'GAXT-M-DL/CO', '个', '上海满川电器有限公司', '26015', null, null, null, null, null, null, null, '1002V5100000001ABOFX', '2017-03-30', null, null, null, null, null, null, null, null, null, '1');
INSERT INTO `buy` VALUES ('789', null, '260150335', '便携式煤气报警仪', null, 'GAXT-M-DL/CO', '个', '上海满川电器有限公司', '26015', null, null, null, null, null, null, null, '1002V5100000001ABOFX', '2017-03-30', null, null, null, null, null, null, null, null, null, '1');
INSERT INTO `buy` VALUES ('790', null, '260150335', '便携式煤气报警仪', null, 'GAXT-M-DL/CO', '个', '上海满川电器有限公司', '26015', null, null, null, null, null, null, null, '1002V5100000001ABOFX', '2017-03-30', null, null, null, null, null, null, null, null, null, '1');
INSERT INTO `buy` VALUES ('791', null, '260150335', '便携式煤气报警仪', null, 'GAXT-M-DL/CO', '个', '上海满川电器有限公司', '26015', null, null, null, null, null, null, null, '1002V5100000001ABOFX', '2017-03-30', null, null, null, null, null, null, null, null, null, '1');
INSERT INTO `buy` VALUES ('792', null, '260070040049', '热电偶保护管', null, 'L=1500*1350-25配WRP-131S碳化管', '支', '上海满川电器有限公司', '26007004', null, null, null, null, null, null, null, '1002V5100000001M62GV', '2017-03-30', null, null, null, null, null, null, null, null, null, '1');
INSERT INTO `buy` VALUES ('793', null, '260070040049', '热电偶保护管', null, 'L=1500*1350-25配WRP-131S碳化管', '支', '上海满川电器有限公司', '26007004', null, null, null, null, null, null, null, '1002V5100000001M62GV', '2017-03-30', null, null, null, null, null, null, null, null, null, '1');
INSERT INTO `buy` VALUES ('794', null, '260070020343', '热电偶', null, 'WRP-131S/L=1500*1350-25碳化管', '支', '上海满川电器有限公司', '26007002', null, null, null, null, null, null, null, '1002V5100000001M62GZ', '2017-03-30', null, null, null, null, null, null, null, null, null, '1');
INSERT INTO `buy` VALUES ('795', null, '260070020343', '热电偶', null, 'WRP-131S/L=1500*1350-25碳化管', '支', '上海满川电器有限公司', '26007002', null, null, null, null, null, null, null, '1002V5100000001M62GZ', '2017-03-30', null, null, null, null, null, null, null, null, null, '1');
INSERT INTO `buy` VALUES ('796', null, '260990916', '测量气体室', null, 'F.211', '个', '北京易德盛世科贸有限公司', '26099', null, null, null, null, null, null, null, '1002V5100000001AJH9P', '2017-04-01', null, null, null, null, null, null, null, null, null, '1');
INSERT INTO `buy` VALUES ('797', null, '260990582', '高温紫外光纤', null, 'A型800', '根', '北京易德盛世科贸有限公司', '26099', null, null, null, null, null, null, null, '1002V5100000000LTSBI', '2017-04-01', null, null, null, null, null, null, null, null, null, '1');
INSERT INTO `buy` VALUES ('798', null, '260990582', '高温紫外光纤', null, 'A型800', '根', '北京易德盛世科贸有限公司', '26099', null, null, null, null, null, null, null, '1002V5100000000LTSBI', '2017-04-01', null, null, null, null, null, null, null, null, null, '1');
INSERT INTO `buy` VALUES ('799', null, '260990583', '高温紫外光纤', null, 'A型1000', '根', '北京易德盛世科贸有限公司', '26099', null, null, null, null, null, null, null, '1002V5100000000LTSBJ', '2017-04-01', null, null, null, null, null, null, null, null, null, '1');
INSERT INTO `buy` VALUES ('800', null, '260990583', '高温紫外光纤', null, 'A型1000', '根', '北京易德盛世科贸有限公司', '26099', null, null, null, null, null, null, null, '1002V5100000000LTSBJ', '2017-04-01', null, null, null, null, null, null, null, null, null, '1');
INSERT INTO `buy` VALUES ('801', null, '260991005', '电子称重仪表', null, 'PT650D', '个', '上海康创自控设备有限公司', '26099', null, null, null, null, null, null, null, '1002V5100000001KXYE3', '2017-04-15', null, null, null, null, null, null, null, null, null, '1');
INSERT INTO `buy` VALUES ('802', null, '260991005', '电子称重仪表', null, 'PT650D', '个', '上海康创自控设备有限公司', '26099', null, null, null, null, null, null, null, '1002V5100000001KXYE3', '2017-04-15', null, null, null, null, null, null, null, null, null, '1');
INSERT INTO `buy` VALUES ('803', null, '260991005', '电子称重仪表', null, 'PT650D', '个', '上海康创自控设备有限公司', '26099', null, null, null, null, null, null, null, '1002V5100000001KXYE3', '2017-04-15', null, null, null, null, null, null, null, null, null, '1');
INSERT INTO `buy` VALUES ('804', null, '260991005', '电子称重仪表', null, 'PT650D', '个', '上海康创自控设备有限公司', '26099', null, null, null, null, null, null, null, '1002V5100000001KXYE3', '2017-04-15', null, null, null, null, null, null, null, null, null, '1');
INSERT INTO `buy` VALUES ('805', null, '260991005', '电子称重仪表', null, 'PT650D', '个', '上海康创自控设备有限公司', '26099', null, null, null, null, null, null, null, '1002V5100000001KXYE3', '2017-04-15', null, null, null, null, null, null, null, null, null, '1');
INSERT INTO `buy` VALUES ('806', null, '260991005', '电子称重仪表', null, 'PT650D', '套', '上海康创自控设备有限公司', '26099', null, null, null, null, null, null, null, '1002V5100000001KXYE3', '2017-04-15', null, null, null, null, null, null, null, null, null, '1');
INSERT INTO `buy` VALUES ('807', null, '260120030019', '安全栅', null, 'TM5044-AAAA-V2.0    2线', '个', '邯郸市盈科贸易有限公司', '26012003', null, null, null, null, null, null, null, '1002V51000000009QMOL', '2017-01-17', null, null, null, null, null, null, null, null, null, '1');
INSERT INTO `buy` VALUES ('808', null, '260120030019', '安全栅', null, 'TM5044-AAAA-V2.0    2线', '个', '邯郸市盈科贸易有限公司', '26012003', null, null, null, null, null, null, null, '1002V51000000009QMOL', '2017-01-17', null, null, null, null, null, null, null, null, null, '1');
INSERT INTO `buy` VALUES ('809', null, '260112064', 'S型耐高温称重传感器', null, 'KS516-300KG-H  C3', '只', '邯郸市进步自控工程有限公司', '26011', null, null, null, null, null, null, null, '1002V5100000001FFH07', '2017-01-17', null, null, null, null, null, null, null, null, null, '1');
INSERT INTO `buy` VALUES ('810', null, '260112064', 'S型耐高温称重传感器', null, 'KS516-300KG-H  C3', '只', '邯郸市进步自控工程有限公司', '26011', null, null, null, null, null, null, null, '1002V5100000001FFH07', '2017-01-17', null, null, null, null, null, null, null, null, null, '1');
INSERT INTO `buy` VALUES ('811', null, '260112064', 'S型耐高温称重传感器', null, 'KS516-300KG-H  C3', '只', '邯郸市进步自控工程有限公司', '26011', null, null, null, null, null, null, null, '1002V5100000001FFH07', '2017-01-17', null, null, null, null, null, null, null, null, null, '1');
INSERT INTO `buy` VALUES ('812', null, '260112064', 'S型耐高温称重传感器', null, 'KS516-300KG-H  C3', '只', '邯郸市进步自控工程有限公司', '26011', null, null, null, null, null, null, null, '1002V5100000001FFH07', '2017-01-17', null, null, null, null, null, null, null, null, null, '1');
INSERT INTO `buy` VALUES ('813', null, '260112064', 'S型耐高温称重传感器', null, 'KS516-300KG-H  C3', '只', '邯郸市进步自控工程有限公司', '26011', null, null, null, null, null, null, null, '1002V5100000001FFH07', '2017-01-17', null, null, null, null, null, null, null, null, null, '1');
INSERT INTO `buy` VALUES ('814', null, '260112064', 'S型耐高温称重传感器', null, 'KS516-300KG-H  C3', '只', '邯郸市进步自控工程有限公司', '26011', null, null, null, null, null, null, null, '1002V5100000001FFH07', '2017-01-17', null, null, null, null, null, null, null, null, null, '1');
INSERT INTO `buy` VALUES ('815', null, '260112064', 'S型耐高温称重传感器', null, 'KS516-300KG-H  C3', '只', '邯郸市进步自控工程有限公司', '26011', null, null, null, null, null, null, null, '1002V5100000001FFH07', '2017-01-17', null, null, null, null, null, null, null, null, null, '1');
INSERT INTO `buy` VALUES ('816', null, '260112064', 'S型耐高温称重传感器', null, 'KS516-300KG-H  C3', '只', '邯郸市进步自控工程有限公司', '26011', null, null, null, null, null, null, null, '1002V5100000001FFH07', '2017-01-17', null, null, null, null, null, null, null, null, null, '1');
INSERT INTO `buy` VALUES ('817', null, '260113036', '差压变送器', null, 'EJA110A-（DLS4A-94NA）/0-10Kpa', '台', '上海满川电器有限公司', '26011', null, null, null, null, null, null, null, '1002V5100000000GTF6D', '2017-01-18', null, null, null, null, null, null, null, null, null, '1');
INSERT INTO `buy` VALUES ('818', null, '260113036', '差压变送器', null, 'EJA110A-（DLS4A-94NA）/0-10Kpa', '台', '上海满川电器有限公司', '26011', null, null, null, null, null, null, null, '1002V5100000000GTF6D', '2017-01-18', null, null, null, null, null, null, null, null, null, '1');
INSERT INTO `buy` VALUES ('819', null, '260113120', '位移传感器', null, 'RHM0650MP021S1G6100', '个', '上海满川电器有限公司', '26011', null, null, null, null, null, null, null, '1002V5100000000PYB4I', '2017-01-31', null, null, null, null, null, null, null, null, null, '1');
INSERT INTO `buy` VALUES ('820', null, '260113120', '位移传感器', null, 'RHM0650MP021S1G6100', '个', '上海满川电器有限公司', '26011', null, null, null, null, null, null, null, '1002V5100000000PYB4I', '2017-01-31', null, null, null, null, null, null, null, null, null, '1');
INSERT INTO `buy` VALUES ('821', null, '260113119', '位移传感器', null, 'RHM0065MP021S1G6100', '个', '上海满川电器有限公司', '26011', null, null, null, null, null, null, null, '1002V5100000000PYB4B', '2017-01-31', null, null, null, null, null, null, null, null, null, '1');
INSERT INTO `buy` VALUES ('822', null, '260113119', '位移传感器', null, 'RHM0065MP021S1G6100', '个', '上海满川电器有限公司', '26011', null, null, null, null, null, null, null, '1002V5100000000PYB4B', '2017-01-31', null, null, null, null, null, null, null, null, null, '1');
INSERT INTO `buy` VALUES ('823', null, '260113318', '位移传感器', null, 'RHM1550MP021S1G6100', '个', '上海满川电器有限公司', '26011', null, null, null, null, null, null, null, '1002V5100000001GKA6K', '2017-01-31', null, null, null, null, null, null, null, null, null, '1');
INSERT INTO `buy` VALUES ('824', null, '260113121', '位移传感器', null, 'RHM0450MP021S1G6100', '个', '上海满川电器有限公司', '26011', null, null, null, null, null, null, null, '1002V5100000000PYB4J', '2017-01-31', null, null, null, null, null, null, null, null, null, '1');
INSERT INTO `buy` VALUES ('825', null, '260113121', '位移传感器', null, 'RHM0450MP021S1G6100', '个', '上海满川电器有限公司', '26011', null, null, null, null, null, null, null, '1002V5100000000PYB4J', '2017-01-31', null, null, null, null, null, null, null, null, null, '1');
INSERT INTO `buy` VALUES ('826', null, '260112316', '位移传感器', null, 'RHM0600MP021S1G6100', '块', '上海满川电器有限公司', '26011', null, null, null, null, null, null, null, '0001V51000000000CMNO', '2017-01-31', null, null, null, null, null, null, null, null, null, '1');
INSERT INTO `buy` VALUES ('827', null, '260112316', '位移传感器', null, 'RHM0600MP021S1G6100', '块', '上海满川电器有限公司', '26011', null, null, null, null, null, null, null, '0001V51000000000CMNO', '2017-01-31', null, null, null, null, null, null, null, null, null, '1');
INSERT INTO `buy` VALUES ('828', null, '260070030300', '防爆热电阻', null, 'WZP-24SA/L=650*500-16', '个', '上海满川电器有限公司', '26007003', null, null, null, null, null, null, null, '1002V5100000001HYZ8M', '2017-02-04', null, null, null, null, null, null, null, null, null, '1');
INSERT INTO `buy` VALUES ('829', null, '260070020155', '热电偶', null, 'WRNK-132/L=2650*2500mm', '支', '上海满川电器有限公司', '26007002', null, null, null, null, null, null, null, '0001V51000000000CNBY', '2017-02-04', null, null, null, null, null, null, null, null, null, '1');
INSERT INTO `buy` VALUES ('830', null, '260070020155', '热电偶', null, 'WRNK-132/L=2650*2500mm', '支', '上海满川电器有限公司', '26007002', null, null, null, null, null, null, null, '0001V51000000000CNBY', '2017-02-04', null, null, null, null, null, null, null, null, null, '1');
INSERT INTO `buy` VALUES ('831', null, '260070020155', '热电偶', null, 'WRNK-132/L=2650*2500mm', '支', '上海满川电器有限公司', '26007002', null, null, null, null, null, null, null, '0001V51000000000CNBY', '2017-02-04', null, null, null, null, null, null, null, null, null, '1');
INSERT INTO `buy` VALUES ('832', null, '260070020155', '热电偶', null, 'WRNK-132/L=2650*2500mm', '支', '上海满川电器有限公司', '26007002', null, null, null, null, null, null, null, '0001V51000000000CNBY', '2017-02-04', null, null, null, null, null, null, null, null, null, '1');
INSERT INTO `buy` VALUES ('833', null, '260070020155', '热电偶', null, 'WRNK-132/L=2650*2500mm', '支', '上海满川电器有限公司', '26007002', null, null, null, null, null, null, null, '0001V51000000000CNBY', '2017-02-04', null, null, null, null, null, null, null, null, null, '1');
INSERT INTO `buy` VALUES ('834', null, '260070020156', '热电偶', null, 'WRNK-132/L=3400*3250mm', '支', '上海满川电器有限公司', '26007002', null, null, null, null, null, null, null, '0001V51000000000CNPE', '2017-02-04', null, null, null, null, null, null, null, null, null, '1');
INSERT INTO `buy` VALUES ('835', null, '260070020156', '热电偶', null, 'WRNK-132/L=3400*3250mm', '支', '上海满川电器有限公司', '26007002', null, null, null, null, null, null, null, '0001V51000000000CNPE', '2017-02-04', null, null, null, null, null, null, null, null, null, '1');
INSERT INTO `buy` VALUES ('836', null, '260070020331', '热电偶', null, 'WRNK-336K/L=800*6/0-1000℃M16*1.5', '支', '上海满川电器有限公司', '26007002', null, null, null, null, null, null, null, '1002V5100000001BWH1D', '2017-02-04', null, null, null, null, null, null, null, null, null, '1');
INSERT INTO `buy` VALUES ('837', null, '260070020331', '热电偶', null, 'WRNK-336K/L=800*6/0-1000℃M16*1.5', '支', '上海满川电器有限公司', '26007002', null, null, null, null, null, null, null, '1002V5100000001BWH1D', '2017-02-04', null, null, null, null, null, null, null, null, null, '1');
INSERT INTO `buy` VALUES ('838', null, '260070020331', '热电偶', null, 'WRNK-336K/L=800*6/0-1000℃M16*1.5', '支', '上海满川电器有限公司', '26007002', null, null, null, null, null, null, null, '1002V5100000001BWH1D', '2017-02-04', null, null, null, null, null, null, null, null, null, '1');
INSERT INTO `buy` VALUES ('839', null, '260070020331', '热电偶', null, 'WRNK-336K/L=800*6/0-1000℃M16*1.5', '支', '上海满川电器有限公司', '26007002', null, null, null, null, null, null, null, '1002V5100000001BWH1D', '2017-02-04', null, null, null, null, null, null, null, null, null, '1');
INSERT INTO `buy` VALUES ('840', null, '260040020189', '耐震压力表', null, 'Y-100AZ/1.6MPA', '块', '上海满川电器有限公司', '26004002', null, null, null, null, null, null, null, '1002V5100000001KAUNR', '2017-02-06', null, null, null, null, null, null, null, null, null, '1');
INSERT INTO `buy` VALUES ('841', null, '260040020189', '耐震压力表', null, 'Y-100AZ/1.6MPA', '块', '上海满川电器有限公司', '26004002', null, null, null, null, null, null, null, '1002V5100000001KAUNR', '2017-02-06', null, null, null, null, null, null, null, null, null, '1');
INSERT INTO `buy` VALUES ('842', null, '260040020189', '耐震压力表', null, 'Y-100AZ/1.6MPA', '块', '上海满川电器有限公司', '26004002', null, null, null, null, null, null, null, '1002V5100000001KAUNR', '2017-02-06', null, null, null, null, null, null, null, null, null, '1');
INSERT INTO `buy` VALUES ('843', null, '260040020189', '耐震压力表', null, 'Y-100AZ/1.6MPA', '块', '上海满川电器有限公司', '26004002', null, null, null, null, null, null, null, '1002V5100000001KAUNR', '2017-02-06', null, null, null, null, null, null, null, null, null, '1');
INSERT INTO `buy` VALUES ('844', null, '260040020189', '耐震压力表', null, 'Y-100AZ/1.6MPA', '块', '上海满川电器有限公司', '26004002', null, null, null, null, null, null, null, '1002V5100000001KAUNR', '2017-02-06', null, null, null, null, null, null, null, null, null, '1');
INSERT INTO `buy` VALUES ('845', null, '260040020189', '耐震压力表', null, 'Y-100AZ/1.6MPA', '块', '上海满川电器有限公司', '26004002', null, null, null, null, null, null, null, '1002V5100000001KAUNR', '2017-02-06', null, null, null, null, null, null, null, null, null, '1');
INSERT INTO `buy` VALUES ('846', null, '260040020189', '耐震压力表', null, 'Y-100AZ/1.6MPA', '块', '上海满川电器有限公司', '26004002', null, null, null, null, null, null, null, '1002V5100000001KAUNR', '2017-02-06', null, null, null, null, null, null, null, null, null, '1');
INSERT INTO `buy` VALUES ('847', null, '260040020189', '耐震压力表', null, 'Y-100AZ/1.6MPA', '块', '上海满川电器有限公司', '26004002', null, null, null, null, null, null, null, '1002V5100000001KAUNR', '2017-02-06', null, null, null, null, null, null, null, null, null, '1');
INSERT INTO `buy` VALUES ('848', null, '260040020189', '耐震压力表', null, 'Y-100AZ/1.6MPA', '块', '上海满川电器有限公司', '26004002', null, null, null, null, null, null, null, '1002V5100000001KAUNR', '2017-02-06', null, null, null, null, null, null, null, null, null, '1');
INSERT INTO `buy` VALUES ('849', null, '260040020189', '耐震压力表', null, 'Y-100AZ/1.6MPA', '块', '上海满川电器有限公司', '26004002', null, null, null, null, null, null, null, '1002V5100000001KAUNR', '2017-02-06', null, null, null, null, null, null, null, null, null, '1');
INSERT INTO `buy` VALUES ('850', null, '260150379', '多功能报警器', null, 'BC-2WS/50W(AS201/AC220V+80W喇叭+AS手持话筒', '台', '上海满川电器有限公司', '26015', null, null, null, null, null, null, null, '1002V5100000001K4SWM', '2017-03-08', null, null, null, null, null, null, null, null, null, '1');
INSERT INTO `buy` VALUES ('851', null, '260150379', '多功能报警器', null, 'BC-2WS/50W(AS201/AC220V+80W喇叭+AS手持话筒', '台', '上海满川电器有限公司', '26015', null, null, null, null, null, null, null, '1002V5100000001K4SWM', '2017-03-08', null, null, null, null, null, null, null, null, null, '1');
INSERT INTO `buy` VALUES ('852', null, '260150379', '多功能报警器', null, 'BC-2WS/50W(AS201/AC220V+80W喇叭+AS手持话筒', '台', '上海满川电器有限公司', '26015', null, null, null, null, null, null, null, '1002V5100000001K4SWM', '2017-03-08', null, null, null, null, null, null, null, null, null, '1');
INSERT INTO `buy` VALUES ('853', null, '260150379', '多功能报警器', null, 'BC-2WS/50W(AS201/AC220V+80W喇叭+AS手持话筒', '台', '上海满川电器有限公司', '26015', null, null, null, null, null, null, null, '1002V5100000001K4SWM', '2017-03-08', null, null, null, null, null, null, null, null, null, '1');
INSERT INTO `buy` VALUES ('854', null, '260040020190', '耐震压力表', null, 'Y-100AZ/0-1Mpa', '块', '上海满川电器有限公司', '26004002', null, null, null, null, null, null, null, '1002V5100000001KAUNS', '2017-03-08', null, null, null, null, null, null, null, null, null, '1');
INSERT INTO `buy` VALUES ('855', null, '260040020190', '耐震压力表', null, 'Y-100AZ/0-1Mpa', '块', '上海满川电器有限公司', '26004002', null, null, null, null, null, null, null, '1002V5100000001KAUNS', '2017-03-08', null, null, null, null, null, null, null, null, null, '1');
INSERT INTO `buy` VALUES ('856', null, '260040020190', '耐震压力表', null, 'Y-100AZ/0-1Mpa', '块', '上海满川电器有限公司', '26004002', null, null, null, null, null, null, null, '1002V5100000001KAUNS', '2017-03-08', null, null, null, null, null, null, null, null, null, '1');
INSERT INTO `buy` VALUES ('857', null, '260040020190', '耐震压力表', null, 'Y-100AZ/0-1Mpa', '块', '上海满川电器有限公司', '26004002', null, null, null, null, null, null, null, '1002V5100000001KAUNS', '2017-03-08', null, null, null, null, null, null, null, null, null, '1');
INSERT INTO `buy` VALUES ('858', null, '260040020190', '耐震压力表', null, 'Y-100AZ/0-1Mpa', '块', '上海满川电器有限公司', '26004002', null, null, null, null, null, null, null, '1002V5100000001KAUNS', '2017-03-08', null, null, null, null, null, null, null, null, null, '1');
INSERT INTO `buy` VALUES ('859', null, '260113364', '差压变送器', null, 'EJA110A-ELS5A-92NA/0-2.5KPA', '个', '上海满川电器有限公司', '26011', null, null, null, null, null, null, null, '1002V5100000001LNQ62', '2017-03-14', null, null, null, null, null, null, null, null, null, '1');
INSERT INTO `buy` VALUES ('861', null, '260150389', '固定式报警控制器', null, 'DKT-800/32/CO', '个', '上海满川电器有限公司', '26015', null, null, null, null, null, null, null, '1002V5100000001M62IH', '2017-03-30', null, null, null, null, null, null, null, null, null, '1');
INSERT INTO `buy` VALUES ('862', null, '260150389', '固定式报警控制器', null, 'DKT-800/32/CO', '个', '上海满川电器有限公司', '26015', null, null, null, null, null, null, null, '1002V5100000001M62IH', '2017-03-30', null, null, null, null, null, null, null, null, null, '1');
INSERT INTO `buy` VALUES ('863', null, '260150365', '固定式煤气报警仪', null, 'DKT-500D/CO', '件', '上海满川电器有限公司', '26015', null, null, null, null, null, null, null, '1002V5100000001EIHRP', '2017-03-30', null, null, null, null, null, null, null, null, null, '1');
INSERT INTO `buy` VALUES ('864', null, '260150365', '固定式煤气报警仪', null, 'DKT-500D/CO', '件', '上海满川电器有限公司', '26015', null, null, null, null, null, null, null, '1002V5100000001EIHRP', '2017-03-30', null, null, null, null, null, null, null, null, null, '1');
INSERT INTO `buy` VALUES ('865', null, '260150365', '固定式煤气报警仪', null, 'DKT-500D/CO', '件', '上海满川电器有限公司', '26015', null, null, null, null, null, null, null, '1002V5100000001EIHRP', '2017-03-30', null, null, null, null, null, null, null, null, null, '1');
INSERT INTO `buy` VALUES ('866', null, '260150365', '固定式煤气报警仪', null, 'DKT-500D/CO', '件', '上海满川电器有限公司', '26015', null, null, null, null, null, null, null, '1002V5100000001EIHRP', '2017-03-30', null, null, null, null, null, null, null, null, null, '1');
INSERT INTO `buy` VALUES ('867', null, '260150365', '固定式煤气报警仪', null, 'DKT-500D/CO', '件', '上海满川电器有限公司', '26015', null, null, null, null, null, null, null, '1002V5100000001EIHRP', '2017-03-30', null, null, null, null, null, null, null, null, null, '1');
INSERT INTO `buy` VALUES ('868', null, '260150365', '固定式煤气报警仪', null, 'DKT-500D/CO', '件', '上海满川电器有限公司', '26015', null, null, null, null, null, null, null, '1002V5100000001EIHRP', '2017-03-30', null, null, null, null, null, null, null, null, null, '1');
INSERT INTO `buy` VALUES ('869', null, '260150365', '固定式煤气报警仪', null, 'DKT-500D/CO', '件', '上海满川电器有限公司', '26015', null, null, null, null, null, null, null, '1002V5100000001EIHRP', '2017-03-30', null, null, null, null, null, null, null, null, null, '1');
INSERT INTO `buy` VALUES ('870', null, '260150365', '固定式煤气报警仪', null, 'DKT-500D/CO', '件', '上海满川电器有限公司', '26015', null, null, null, null, null, null, null, '1002V5100000001EIHRP', '2017-03-30', null, null, null, null, null, null, null, null, null, '1');
INSERT INTO `buy` VALUES ('871', null, '260150365', '固定式煤气报警仪', null, 'DKT-500D/CO', '件', '上海满川电器有限公司', '26015', null, null, null, null, null, null, null, '1002V5100000001EIHRP', '2017-03-30', null, null, null, null, null, null, null, null, null, '1');
INSERT INTO `buy` VALUES ('872', null, '260150365', '固定式煤气报警仪', null, 'DKT-500D/CO', '件', '上海满川电器有限公司', '26015', null, null, null, null, null, null, null, '1002V5100000001EIHRP', '2017-03-30', null, null, null, null, null, null, null, null, null, '1');
INSERT INTO `buy` VALUES ('873', null, '260150365', '固定式煤气报警仪', null, 'DKT-500D/CO', '件', '上海满川电器有限公司', '26015', null, null, null, null, null, null, null, '1002V5100000001EIHRP', '2017-03-30', null, null, null, null, null, null, null, null, null, '1');
INSERT INTO `buy` VALUES ('874', null, '260150365', '固定式煤气报警仪', null, 'DKT-500D/CO', '件', '上海满川电器有限公司', '26015', null, null, null, null, null, null, null, '1002V5100000001EIHRP', '2017-03-30', null, null, null, null, null, null, null, null, null, '1');
INSERT INTO `buy` VALUES ('875', null, '260150365', '固定式煤气报警仪', null, 'DKT-500D/CO', '件', '上海满川电器有限公司', '26015', null, null, null, null, null, null, null, '1002V5100000001EIHRP', '2017-03-30', null, null, null, null, null, null, null, null, null, '1');
INSERT INTO `buy` VALUES ('876', null, '260150365', '固定式煤气报警仪', null, 'DKT-500D/CO', '件', '上海满川电器有限公司', '26015', null, null, null, null, null, null, null, '1002V5100000001EIHRP', '2017-03-30', null, null, null, null, null, null, null, null, null, '1');
INSERT INTO `buy` VALUES ('877', null, '260150365', '固定式煤气报警仪', null, 'DKT-500D/CO', '件', '上海满川电器有限公司', '26015', null, null, null, null, null, null, null, '1002V5100000001EIHRP', '2017-03-30', null, null, null, null, null, null, null, null, null, '1');
INSERT INTO `buy` VALUES ('878', null, '260150365', '固定式煤气报警仪', null, 'DKT-500D/CO', '件', '上海满川电器有限公司', '26015', null, null, null, null, null, null, null, '1002V5100000001EIHRP', '2017-03-30', null, null, null, null, null, null, null, null, null, '1');
INSERT INTO `buy` VALUES ('879', null, '260150365', '固定式煤气报警仪', null, 'DKT-500D/CO', '件', '上海满川电器有限公司', '26015', null, null, null, null, null, null, null, '1002V5100000001EIHRP', '2017-03-30', null, null, null, null, null, null, null, null, null, '1');
INSERT INTO `buy` VALUES ('880', null, '260150365', '固定式煤气报警仪', null, 'DKT-500D/CO', '件', '上海满川电器有限公司', '26015', null, null, null, null, null, null, null, '1002V5100000001EIHRP', '2017-03-30', null, null, null, null, null, null, null, null, null, '1');
INSERT INTO `buy` VALUES ('881', null, '260150365', '固定式煤气报警仪', null, 'DKT-500D/CO', '件', '上海满川电器有限公司', '26015', null, null, null, null, null, null, null, '1002V5100000001EIHRP', '2017-03-30', null, null, null, null, null, null, null, null, null, '1');
INSERT INTO `buy` VALUES ('882', null, '260150365', '固定式煤气报警仪', null, 'DKT-500D/CO', '件', '上海满川电器有限公司', '26015', null, null, null, null, null, null, null, '1002V5100000001EIHRP', '2017-03-30', null, null, null, null, null, null, null, null, null, '1');
INSERT INTO `buy` VALUES ('883', null, '260150365', '固定式煤气报警仪', null, 'DKT-500D/CO', '件', '上海满川电器有限公司', '26015', null, null, null, null, null, null, null, '1002V5100000001EIHRP', '2017-03-30', null, null, null, null, null, null, null, null, null, '1');
INSERT INTO `buy` VALUES ('884', null, '260150365', '固定式煤气报警仪', null, 'DKT-500D/CO', '件', '上海满川电器有限公司', '26015', null, null, null, null, null, null, null, '1002V5100000001EIHRP', '2017-03-30', null, null, null, null, null, null, null, null, null, '1');
INSERT INTO `buy` VALUES ('885', null, '260150365', '固定式煤气报警仪', null, 'DKT-500D/CO', '件', '上海满川电器有限公司', '26015', null, null, null, null, null, null, null, '1002V5100000001EIHRP', '2017-03-30', null, null, null, null, null, null, null, null, null, '1');
INSERT INTO `buy` VALUES ('886', null, '260150365', '固定式煤气报警仪', null, 'DKT-500D/CO', '件', '上海满川电器有限公司', '26015', null, null, null, null, null, null, null, '1002V5100000001EIHRP', '2017-03-30', null, null, null, null, null, null, null, null, null, '1');
INSERT INTO `buy` VALUES ('887', null, '260150365', '固定式煤气报警仪', null, 'DKT-500D/CO', '件', '上海满川电器有限公司', '26015', null, null, null, null, null, null, null, '1002V5100000001EIHRP', '2017-03-30', null, null, null, null, null, null, null, null, null, '1');
INSERT INTO `buy` VALUES ('888', null, '260150365', '固定式煤气报警仪', null, 'DKT-500D/CO', '件', '上海满川电器有限公司', '26015', null, null, null, null, null, null, null, '1002V5100000001EIHRP', '2017-03-30', null, null, null, null, null, null, null, null, null, '1');
INSERT INTO `buy` VALUES ('889', null, '260150365', '固定式煤气报警仪', null, 'DKT-500D/CO', '件', '上海满川电器有限公司', '26015', null, null, null, null, null, null, null, '1002V5100000001EIHRP', '2017-03-30', null, null, null, null, null, null, null, null, null, '1');
INSERT INTO `buy` VALUES ('890', null, '260150365', '固定式煤气报警仪', null, 'DKT-500D/CO', '件', '上海满川电器有限公司', '26015', null, null, null, null, null, null, null, '1002V5100000001EIHRP', '2017-03-30', null, null, null, null, null, null, null, null, null, '1');
INSERT INTO `buy` VALUES ('891', null, '260150365', '固定式煤气报警仪', null, 'DKT-500D/CO', '件', '上海满川电器有限公司', '26015', null, null, null, null, null, null, null, '1002V5100000001EIHRP', '2017-03-30', null, null, null, null, null, null, null, null, null, '1');
INSERT INTO `buy` VALUES ('892', null, '260150365', '固定式煤气报警仪', null, 'DKT-500D/CO', '件', '上海满川电器有限公司', '26015', null, null, null, null, null, null, null, '1002V5100000001EIHRP', '2017-03-30', null, null, null, null, null, null, null, null, null, '1');
INSERT INTO `buy` VALUES ('893', null, '260150365', '固定式煤气报警仪', null, 'DKT-500D/CO', '件', '上海满川电器有限公司', '26015', null, null, null, null, null, null, null, '1002V5100000001EIHRP', '2017-03-30', null, null, null, null, null, null, null, null, null, '1');
INSERT INTO `buy` VALUES ('894', null, '260150365', '固定式煤气报警仪', null, 'DKT-500D/CO', '件', '上海满川电器有限公司', '26015', null, null, null, null, null, null, null, '1002V5100000001EIHRP', '2017-03-30', null, null, null, null, null, null, null, null, null, '1');
INSERT INTO `buy` VALUES ('895', null, '260150365', '固定式煤气报警仪', null, 'DKT-500D/CO', '件', '上海满川电器有限公司', '26015', null, null, null, null, null, null, null, '1002V5100000001EIHRP', '2017-03-30', null, null, null, null, null, null, null, null, null, '1');
INSERT INTO `buy` VALUES ('896', null, '260150365', '固定式煤气报警仪', null, 'DKT-500D/CO', '件', '上海满川电器有限公司', '26015', null, null, null, null, null, null, null, '1002V5100000001EIHRP', '2017-03-30', null, null, null, null, null, null, null, null, null, '1');
INSERT INTO `buy` VALUES ('897', null, '260150365', '固定式煤气报警仪', null, 'DKT-500D/CO', '件', '上海满川电器有限公司', '26015', null, null, null, null, null, null, null, '1002V5100000001EIHRP', '2017-03-30', null, null, null, null, null, null, null, null, null, '1');
INSERT INTO `buy` VALUES ('898', null, '260150365', '固定式煤气报警仪', null, 'DKT-500D/CO', '件', '上海满川电器有限公司', '26015', null, null, null, null, null, null, null, '1002V5100000001EIHRP', '2017-03-30', null, null, null, null, null, null, null, null, null, '1');
INSERT INTO `buy` VALUES ('899', null, '260150365', '固定式煤气报警仪', null, 'DKT-500D/CO', '件', '上海满川电器有限公司', '26015', null, null, null, null, null, null, null, '1002V5100000001EIHRP', '2017-03-30', null, null, null, null, null, null, null, null, null, '1');
INSERT INTO `buy` VALUES ('900', null, '260150365', '固定式煤气报警仪', null, 'DKT-500D/CO', '件', '上海满川电器有限公司', '26015', null, null, null, null, null, null, null, '1002V5100000001EIHRP', '2017-03-30', null, null, null, null, null, null, null, null, null, '1');
INSERT INTO `buy` VALUES ('901', null, '260150365', '固定式煤气报警仪', null, 'DKT-500D/CO', '件', '上海满川电器有限公司', '26015', null, null, null, null, null, null, null, '1002V5100000001EIHRP', '2017-03-30', null, null, null, null, null, null, null, null, null, '1');
INSERT INTO `buy` VALUES ('902', null, '260150365', '固定式煤气报警仪', null, 'DKT-500D/CO', '件', '上海满川电器有限公司', '26015', null, null, null, null, null, null, null, '1002V5100000001EIHRP', '2017-03-30', null, null, null, null, null, null, null, null, null, '1');
INSERT INTO `buy` VALUES ('903', null, '260150365', '固定式煤气报警仪', null, 'DKT-500D/CO', '件', '上海满川电器有限公司', '26015', null, null, null, null, null, null, null, '1002V5100000001EIHRP', '2017-03-30', null, null, null, null, null, null, null, null, null, '1');
INSERT INTO `buy` VALUES ('904', null, '260150365', '固定式煤气报警仪', null, 'DKT-500D/CO', '件', '上海满川电器有限公司', '26015', null, null, null, null, null, null, null, '1002V5100000001EIHRP', '2017-03-30', null, null, null, null, null, null, null, null, null, '1');
INSERT INTO `buy` VALUES ('905', null, '260150365', '固定式煤气报警仪', null, 'DKT-500D/CO', '件', '上海满川电器有限公司', '26015', null, null, null, null, null, null, null, '1002V5100000001EIHRP', '2017-03-30', null, null, null, null, null, null, null, null, null, '1');
INSERT INTO `buy` VALUES ('906', null, '260150365', '固定式煤气报警仪', null, 'DKT-500D/CO', '件', '上海满川电器有限公司', '26015', null, null, null, null, null, null, null, '1002V5100000001EIHRP', '2017-03-30', null, null, null, null, null, null, null, null, null, '1');
INSERT INTO `buy` VALUES ('907', null, '260150365', '固定式煤气报警仪', null, 'DKT-500D/CO', '件', '上海满川电器有限公司', '26015', null, null, null, null, null, null, null, '1002V5100000001EIHRP', '2017-03-30', null, null, null, null, null, null, null, null, null, '1');
INSERT INTO `buy` VALUES ('908', null, '260150365', '固定式煤气报警仪', null, 'DKT-500D/CO', '件', '上海满川电器有限公司', '26015', null, null, null, null, null, null, null, '1002V5100000001EIHRP', '2017-03-30', null, null, null, null, null, null, null, null, null, '1');
INSERT INTO `buy` VALUES ('909', null, '260150365', '固定式煤气报警仪', null, 'DKT-500D/CO', '件', '上海满川电器有限公司', '26015', null, null, null, null, null, null, null, '1002V5100000001EIHRP', '2017-03-30', null, null, null, null, null, null, null, null, null, '1');
INSERT INTO `buy` VALUES ('910', null, '260150365', '固定式煤气报警仪', null, 'DKT-500D/CO', '件', '上海满川电器有限公司', '26015', null, null, null, null, null, null, null, '1002V5100000001EIHRP', '2017-03-30', null, null, null, null, null, null, null, null, null, '1');
INSERT INTO `buy` VALUES ('911', null, '260150365', '固定式煤气报警仪', null, 'DKT-500D/CO', '件', '上海满川电器有限公司', '26015', null, null, null, null, null, null, null, '1002V5100000001EIHRP', '2017-03-30', null, null, null, null, null, null, null, null, null, '1');
INSERT INTO `buy` VALUES ('912', null, '260150365', '固定式煤气报警仪', null, 'DKT-500D/CO', '件', '上海满川电器有限公司', '26015', null, null, null, null, null, null, null, '1002V5100000001EIHRP', '2017-03-30', null, null, null, null, null, null, null, null, null, '1');
INSERT INTO `buy` VALUES ('913', null, '260150365', '固定式煤气报警仪', null, 'DKT-500D/CO', '件', '上海满川电器有限公司', '26015', null, null, null, null, null, null, null, '1002V5100000001EIHRP', '2017-03-30', null, null, null, null, null, null, null, null, null, '1');
INSERT INTO `buy` VALUES ('914', null, '260150365', '固定式煤气报警仪', null, 'DKT-500D/CO', '件', '上海满川电器有限公司', '26015', null, null, null, null, null, null, null, '1002V5100000001EIHRP', '2017-03-30', null, null, null, null, null, null, null, null, null, '1');
INSERT INTO `buy` VALUES ('915', null, '260150365', '固定式煤气报警仪', null, 'DKT-500D/CO', '件', '上海满川电器有限公司', '26015', null, null, null, null, null, null, null, '1002V5100000001EIHRP', '2017-03-30', null, null, null, null, null, null, null, null, null, '1');
INSERT INTO `buy` VALUES ('916', null, '260150365', '固定式煤气报警仪', null, 'DKT-500D/CO', '件', '上海满川电器有限公司', '26015', null, null, null, null, null, null, null, '1002V5100000001EIHRP', '2017-03-30', null, null, null, null, null, null, null, null, null, '1');
INSERT INTO `buy` VALUES ('917', null, '260150365', '固定式煤气报警仪', null, 'DKT-500D/CO', '件', '上海满川电器有限公司', '26015', null, null, null, null, null, null, null, '1002V5100000001EIHRP', '2017-03-30', null, null, null, null, null, null, null, null, null, '1');
INSERT INTO `buy` VALUES ('918', null, '260150365', '固定式煤气报警仪', null, 'DKT-500D/CO', '件', '上海满川电器有限公司', '26015', null, null, null, null, null, null, null, '1002V5100000001EIHRP', '2017-03-30', null, null, null, null, null, null, null, null, null, '1');
INSERT INTO `buy` VALUES ('919', null, '260150335', '便携式煤气报警仪', null, 'GAXT-M-DL/CO', '个', '上海满川电器有限公司', '26015', null, null, null, null, null, null, null, '1002V5100000001ABOFX', '2017-03-30', null, null, null, null, null, null, null, null, null, '1');
INSERT INTO `buy` VALUES ('920', null, '260150335', '便携式煤气报警仪', null, 'GAXT-M-DL/CO', '个', '上海满川电器有限公司', '26015', null, null, null, null, null, null, null, '1002V5100000001ABOFX', '2017-03-30', null, null, null, null, null, null, null, null, null, '1');
INSERT INTO `buy` VALUES ('921', null, '260150335', '便携式煤气报警仪', null, 'GAXT-M-DL/CO', '个', '上海满川电器有限公司', '26015', null, null, null, null, null, null, null, '1002V5100000001ABOFX', '2017-03-30', null, null, null, null, null, null, null, null, null, '1');
INSERT INTO `buy` VALUES ('922', null, '260150335', '便携式煤气报警仪', null, 'GAXT-M-DL/CO', '个', '上海满川电器有限公司', '26015', null, null, null, null, null, null, null, '1002V5100000001ABOFX', '2017-03-30', null, null, null, null, null, null, null, null, null, '1');
INSERT INTO `buy` VALUES ('923', null, '260150335', '便携式煤气报警仪', null, 'GAXT-M-DL/CO', '个', '上海满川电器有限公司', '26015', null, null, null, null, null, null, null, '1002V5100000001ABOFX', '2017-03-30', null, null, null, null, null, null, null, null, null, '1');
INSERT INTO `buy` VALUES ('924', null, '260070040049', '热电偶保护管', null, 'L=1500*1350-25配WRP-131S碳化管', '支', '上海满川电器有限公司', '26007004', null, null, null, null, null, null, null, '1002V5100000001M62GV', '2017-03-30', null, null, null, null, null, null, null, null, null, '1');
INSERT INTO `buy` VALUES ('925', null, '260070040049', '热电偶保护管', null, 'L=1500*1350-25配WRP-131S碳化管', '支', '上海满川电器有限公司', '26007004', null, null, null, null, null, null, null, '1002V5100000001M62GV', '2017-03-30', null, null, null, null, null, null, null, null, null, '1');
INSERT INTO `buy` VALUES ('926', null, '260070020343', '热电偶', null, 'WRP-131S/L=1500*1350-25碳化管', '支', '上海满川电器有限公司', '26007002', null, null, null, null, null, null, null, '1002V5100000001M62GZ', '2017-03-30', null, null, null, null, null, null, null, null, null, '1');
INSERT INTO `buy` VALUES ('927', null, '260070020343', '热电偶', null, 'WRP-131S/L=1500*1350-25碳化管', '支', '上海满川电器有限公司', '26007002', null, null, null, null, null, null, null, '1002V5100000001M62GZ', '2017-03-30', null, null, null, null, null, null, null, null, null, '1');
INSERT INTO `buy` VALUES ('928', null, '260990916', '测量气体室', null, 'F.211', '个', '北京易德盛世科贸有限公司', '26099', null, null, null, null, null, null, null, '1002V5100000001AJH9P', '2017-04-01', null, null, null, null, null, null, null, null, null, '1');
INSERT INTO `buy` VALUES ('929', null, '260990582', '高温紫外光纤', null, 'A型800', '根', '北京易德盛世科贸有限公司', '26099', null, null, null, null, null, null, null, '1002V5100000000LTSBI', '2017-04-01', null, null, null, null, null, null, null, null, null, '1');
INSERT INTO `buy` VALUES ('930', null, '260990582', '高温紫外光纤', null, 'A型800', '根', '北京易德盛世科贸有限公司', '26099', null, null, null, null, null, null, null, '1002V5100000000LTSBI', '2017-04-01', null, null, null, null, null, null, null, null, null, '1');
INSERT INTO `buy` VALUES ('931', null, '260990583', '高温紫外光纤', null, 'A型1000', '根', '北京易德盛世科贸有限公司', '26099', null, null, null, null, null, null, null, '1002V5100000000LTSBJ', '2017-04-01', null, null, null, null, null, null, null, null, null, '1');
INSERT INTO `buy` VALUES ('932', null, '260990583', '高温紫外光纤', null, 'A型1000', '根', '北京易德盛世科贸有限公司', '26099', null, null, null, null, null, null, null, '1002V5100000000LTSBJ', '2017-04-01', null, null, null, null, null, null, null, null, null, '1');
INSERT INTO `buy` VALUES ('933', null, '260991005', '电子称重仪表', null, 'PT650D', '个', '上海康创自控设备有限公司', '26099', null, null, null, null, null, null, null, '1002V5100000001KXYE3', '2017-04-15', null, null, null, null, null, null, null, null, null, '1');
INSERT INTO `buy` VALUES ('934', null, '260991005', '电子称重仪表', null, 'PT650D', '个', '上海康创自控设备有限公司', '26099', null, null, null, null, null, null, null, '1002V5100000001KXYE3', '2017-04-15', null, null, null, null, null, null, null, null, null, '1');
INSERT INTO `buy` VALUES ('935', null, '260991005', '电子称重仪表', null, 'PT650D', '个', '上海康创自控设备有限公司', '26099', null, null, null, null, null, null, null, '1002V5100000001KXYE3', '2017-04-15', null, null, null, null, null, null, null, null, null, '1');
INSERT INTO `buy` VALUES ('936', null, '260991005', '电子称重仪表', null, 'PT650D', '个', '上海康创自控设备有限公司', '26099', null, null, null, null, null, null, null, '1002V5100000001KXYE3', '2017-04-15', null, null, null, null, null, null, null, null, null, '1');
INSERT INTO `buy` VALUES ('937', null, '260991005', '电子称重仪表', null, 'PT650D', '个', '上海康创自控设备有限公司', '26099', null, null, null, null, null, null, null, '1002V5100000001KXYE3', '2017-04-15', null, null, null, null, null, null, null, null, null, '1');
INSERT INTO `buy` VALUES ('938', null, '260991005', '电子称重仪表', null, 'PT650D', '个', '上海康创自控设备有限公司', '26099', null, null, null, null, null, null, null, '1002V5100000001KXYE3', '2017-04-15', null, null, null, null, null, null, null, null, null, '1');
INSERT INTO `buy` VALUES ('939', null, '260120030019', '安全栅', null, 'TM5044-AAAA-V2.0    2线', '个', '邯郸市盈科贸易有限公司', '26012003', null, null, null, null, null, null, null, '1002V51000000009QMOL', '2017-01-17', null, null, null, null, null, null, null, null, null, '1');
INSERT INTO `buy` VALUES ('940', null, '260120030019', '安全栅', null, 'TM5044-AAAA-V2.0    2线', '个', '邯郸市盈科贸易有限公司', '26012003', null, null, null, null, null, null, null, '1002V51000000009QMOL', '2017-01-17', null, null, null, null, null, null, null, null, null, '1');
INSERT INTO `buy` VALUES ('941', null, '260112064', 'S型耐高温称重传感器', null, 'KS516-300KG-H  C3', '只', '邯郸市进步自控工程有限公司', '26011', null, null, null, null, null, null, null, '1002V5100000001FFH07', '2017-01-17', null, null, null, null, null, null, null, null, null, '1');
INSERT INTO `buy` VALUES ('942', null, '260112064', 'S型耐高温称重传感器', null, 'KS516-300KG-H  C3', '只', '邯郸市进步自控工程有限公司', '26011', null, null, null, null, null, null, null, '1002V5100000001FFH07', '2017-01-17', null, null, null, null, null, null, null, null, null, '1');
INSERT INTO `buy` VALUES ('943', null, '260112064', 'S型耐高温称重传感器', null, 'KS516-300KG-H  C3', '只', '邯郸市进步自控工程有限公司', '26011', null, null, null, null, null, null, null, '1002V5100000001FFH07', '2017-01-17', null, null, null, null, null, null, null, null, null, '1');
INSERT INTO `buy` VALUES ('944', null, '260112064', 'S型耐高温称重传感器', null, 'KS516-300KG-H  C3', '只', '邯郸市进步自控工程有限公司', '26011', null, null, null, null, null, null, null, '1002V5100000001FFH07', '2017-01-17', null, null, null, null, null, null, null, null, null, '1');
INSERT INTO `buy` VALUES ('945', null, '260112064', 'S型耐高温称重传感器', null, 'KS516-300KG-H  C3', '只', '邯郸市进步自控工程有限公司', '26011', null, null, null, null, null, null, null, '1002V5100000001FFH07', '2017-01-17', null, null, null, null, null, null, null, null, null, '1');
INSERT INTO `buy` VALUES ('946', null, '260112064', 'S型耐高温称重传感器', null, 'KS516-300KG-H  C3', '只', '邯郸市进步自控工程有限公司', '26011', null, null, null, null, null, null, null, '1002V5100000001FFH07', '2017-01-17', null, null, null, null, null, null, null, null, null, '1');
INSERT INTO `buy` VALUES ('947', null, '260112064', 'S型耐高温称重传感器', null, 'KS516-300KG-H  C3', '只', '邯郸市进步自控工程有限公司', '26011', null, null, null, null, null, null, null, '1002V5100000001FFH07', '2017-01-17', null, null, null, null, null, null, null, null, null, '1');
INSERT INTO `buy` VALUES ('948', null, '260112064', 'S型耐高温称重传感器', null, 'KS516-300KG-H  C3', '只', '邯郸市进步自控工程有限公司', '26011', null, null, null, null, null, null, null, '1002V5100000001FFH07', '2017-01-17', null, null, null, null, null, null, null, null, null, '1');
INSERT INTO `buy` VALUES ('949', null, '260113036', '差压变送器', null, 'EJA110A-（DLS4A-94NA）/0-10Kpa', '台', '上海满川电器有限公司', '26011', null, null, null, null, null, null, null, '1002V5100000000GTF6D', '2017-01-18', null, null, null, null, null, null, null, null, null, '1');
INSERT INTO `buy` VALUES ('950', null, '260113036', '差压变送器', null, 'EJA110A-（DLS4A-94NA）/0-10Kpa', '台', '上海满川电器有限公司', '26011', null, null, null, null, null, null, null, '1002V5100000000GTF6D', '2017-01-18', null, null, null, null, null, null, null, null, null, '1');
INSERT INTO `buy` VALUES ('951', null, '260113120', '位移传感器', null, 'RHM0650MP021S1G6100', '个', '上海满川电器有限公司', '26011', null, null, null, null, null, null, null, '1002V5100000000PYB4I', '2017-01-31', null, null, null, null, null, null, null, null, null, '1');
INSERT INTO `buy` VALUES ('952', null, '260113120', '位移传感器', null, 'RHM0650MP021S1G6100', '个', '上海满川电器有限公司', '26011', null, null, null, null, null, null, null, '1002V5100000000PYB4I', '2017-01-31', null, null, null, null, null, null, null, null, null, '1');
INSERT INTO `buy` VALUES ('953', null, '260113119', '位移传感器', null, 'RHM0065MP021S1G6100', '个', '上海满川电器有限公司', '26011', null, null, null, null, null, null, null, '1002V5100000000PYB4B', '2017-01-31', null, null, null, null, null, null, null, null, null, '1');
INSERT INTO `buy` VALUES ('954', null, '260113119', '位移传感器', null, 'RHM0065MP021S1G6100', '个', '上海满川电器有限公司', '26011', null, null, null, null, null, null, null, '1002V5100000000PYB4B', '2017-01-31', null, null, null, null, null, null, null, null, null, '1');
INSERT INTO `buy` VALUES ('955', null, '260113318', '位移传感器', null, 'RHM1550MP021S1G6100', '个', '上海满川电器有限公司', '26011', null, null, null, null, null, null, null, '1002V5100000001GKA6K', '2017-01-31', null, null, null, null, null, null, null, null, null, '1');
INSERT INTO `buy` VALUES ('956', null, '260113121', '位移传感器', null, 'RHM0450MP021S1G6100', '个', '上海满川电器有限公司', '26011', null, null, null, null, null, null, null, '1002V5100000000PYB4J', '2017-01-31', null, null, null, null, null, null, null, null, null, '1');
INSERT INTO `buy` VALUES ('957', null, '260113121', '位移传感器', null, 'RHM0450MP021S1G6100', '个', '上海满川电器有限公司', '26011', null, null, null, null, null, null, null, '1002V5100000000PYB4J', '2017-01-31', null, null, null, null, null, null, null, null, null, '1');
INSERT INTO `buy` VALUES ('958', null, '260112316', '位移传感器', null, 'RHM0600MP021S1G6100', '块', '上海满川电器有限公司', '26011', null, null, null, null, null, null, null, '0001V51000000000CMNO', '2017-01-31', null, null, null, null, null, null, null, null, null, '1');
INSERT INTO `buy` VALUES ('959', null, '260112316', '位移传感器', null, 'RHM0600MP021S1G6100', '块', '上海满川电器有限公司', '26011', null, null, null, null, null, null, null, '0001V51000000000CMNO', '2017-01-31', null, null, null, null, null, null, null, null, null, '1');
INSERT INTO `buy` VALUES ('960', null, '260070030300', '防爆热电阻', null, 'WZP-24SA/L=650*500-16', '个', '上海满川电器有限公司', '26007003', null, null, null, null, null, null, null, '1002V5100000001HYZ8M', '2017-02-04', null, null, null, null, null, null, null, null, null, '1');
INSERT INTO `buy` VALUES ('961', null, '260070020155', '热电偶', null, 'WRNK-132/L=2650*2500mm', '支', '上海满川电器有限公司', '26007002', null, null, null, null, null, null, null, '0001V51000000000CNBY', '2017-02-04', null, null, null, null, null, null, null, null, null, '1');
INSERT INTO `buy` VALUES ('962', null, '260070020155', '热电偶', null, 'WRNK-132/L=2650*2500mm', '支', '上海满川电器有限公司', '26007002', null, null, null, null, null, null, null, '0001V51000000000CNBY', '2017-02-04', null, null, null, null, null, null, null, null, null, '1');
INSERT INTO `buy` VALUES ('963', null, '260070020155', '热电偶', null, 'WRNK-132/L=2650*2500mm', '支', '上海满川电器有限公司', '26007002', null, null, null, null, null, null, null, '0001V51000000000CNBY', '2017-02-04', null, null, null, null, null, null, null, null, null, '1');
INSERT INTO `buy` VALUES ('964', null, '260070020155', '热电偶', null, 'WRNK-132/L=2650*2500mm', '支', '上海满川电器有限公司', '26007002', null, null, null, null, null, null, null, '0001V51000000000CNBY', '2017-02-04', null, null, null, null, null, null, null, null, null, '1');
INSERT INTO `buy` VALUES ('965', null, '260070020155', '热电偶', null, 'WRNK-132/L=2650*2500mm', '支', '上海满川电器有限公司', '26007002', null, null, null, null, null, null, null, '0001V51000000000CNBY', '2017-02-04', null, null, null, null, null, null, null, null, null, '1');
INSERT INTO `buy` VALUES ('966', null, '260070020156', '热电偶', null, 'WRNK-132/L=3400*3250mm', '支', '上海满川电器有限公司', '26007002', null, null, null, null, null, null, null, '0001V51000000000CNPE', '2017-02-04', null, null, null, null, null, null, null, null, null, '1');
INSERT INTO `buy` VALUES ('967', null, '260070020156', '热电偶', null, 'WRNK-132/L=3400*3250mm', '支', '上海满川电器有限公司', '26007002', null, null, null, null, null, null, null, '0001V51000000000CNPE', '2017-02-04', null, null, null, null, null, null, null, null, null, '1');
INSERT INTO `buy` VALUES ('968', null, '260070020331', '热电偶', null, 'WRNK-336K/L=800*6/0-1000℃M16*1.5', '支', '上海满川电器有限公司', '26007002', null, null, null, null, null, null, null, '1002V5100000001BWH1D', '2017-02-04', null, null, null, null, null, null, null, null, null, '1');
INSERT INTO `buy` VALUES ('969', null, '260070020331', '热电偶', null, 'WRNK-336K/L=800*6/0-1000℃M16*1.5', '支', '上海满川电器有限公司', '26007002', null, null, null, null, null, null, null, '1002V5100000001BWH1D', '2017-02-04', null, null, null, null, null, null, null, null, null, '1');
INSERT INTO `buy` VALUES ('970', null, '260070020331', '热电偶', null, 'WRNK-336K/L=800*6/0-1000℃M16*1.5', '支', '上海满川电器有限公司', '26007002', null, null, null, null, null, null, null, '1002V5100000001BWH1D', '2017-02-04', null, null, null, null, null, null, null, null, null, '1');
INSERT INTO `buy` VALUES ('971', null, '260070020331', '热电偶', null, 'WRNK-336K/L=800*6/0-1000℃M16*1.5', '支', '上海满川电器有限公司', '26007002', null, null, null, null, null, null, null, '1002V5100000001BWH1D', '2017-02-04', null, null, null, null, null, null, null, null, null, '1');
INSERT INTO `buy` VALUES ('972', null, '260040020189', '耐震压力表', null, 'Y-100AZ/1.6MPA', '块', '上海满川电器有限公司', '26004002', null, null, null, null, null, null, null, '1002V5100000001KAUNR', '2017-02-06', null, null, null, null, null, null, null, null, null, '1');
INSERT INTO `buy` VALUES ('973', null, '260040020189', '耐震压力表', null, 'Y-100AZ/1.6MPA', '块', '上海满川电器有限公司', '26004002', null, null, null, null, null, null, null, '1002V5100000001KAUNR', '2017-02-06', null, null, null, null, null, null, null, null, null, '1');
INSERT INTO `buy` VALUES ('974', null, '260040020189', '耐震压力表', null, 'Y-100AZ/1.6MPA', '块', '上海满川电器有限公司', '26004002', null, null, null, null, null, null, null, '1002V5100000001KAUNR', '2017-02-06', null, null, null, null, null, null, null, null, null, '1');
INSERT INTO `buy` VALUES ('975', null, '260040020189', '耐震压力表', null, 'Y-100AZ/1.6MPA', '块', '上海满川电器有限公司', '26004002', null, null, null, null, null, null, null, '1002V5100000001KAUNR', '2017-02-06', null, null, null, null, null, null, null, null, null, '1');
INSERT INTO `buy` VALUES ('976', null, '260040020189', '耐震压力表', null, 'Y-100AZ/1.6MPA', '块', '上海满川电器有限公司', '26004002', null, null, null, null, null, null, null, '1002V5100000001KAUNR', '2017-02-06', null, null, null, null, null, null, null, null, null, '1');
INSERT INTO `buy` VALUES ('977', null, '260040020189', '耐震压力表', null, 'Y-100AZ/1.6MPA', '块', '上海满川电器有限公司', '26004002', null, null, null, null, null, null, null, '1002V5100000001KAUNR', '2017-02-06', null, null, null, null, null, null, null, null, null, '1');
INSERT INTO `buy` VALUES ('978', null, '260040020189', '耐震压力表', null, 'Y-100AZ/1.6MPA', '块', '上海满川电器有限公司', '26004002', null, null, null, null, null, null, null, '1002V5100000001KAUNR', '2017-02-06', null, null, null, null, null, null, null, null, null, '1');
INSERT INTO `buy` VALUES ('979', null, '260040020189', '耐震压力表', null, 'Y-100AZ/1.6MPA', '块', '上海满川电器有限公司', '26004002', null, null, null, null, null, null, null, '1002V5100000001KAUNR', '2017-02-06', null, null, null, null, null, null, null, null, null, '1');
INSERT INTO `buy` VALUES ('980', null, '260040020189', '耐震压力表', null, 'Y-100AZ/1.6MPA', '块', '上海满川电器有限公司', '26004002', null, null, null, null, null, null, null, '1002V5100000001KAUNR', '2017-02-06', null, null, null, null, null, null, null, null, null, '1');
INSERT INTO `buy` VALUES ('981', null, '260040020189', '耐震压力表', null, 'Y-100AZ/1.6MPA', '块', '上海满川电器有限公司', '26004002', null, null, null, null, null, null, null, '1002V5100000001KAUNR', '2017-02-06', null, null, null, null, null, null, null, null, null, '1');
INSERT INTO `buy` VALUES ('982', null, '260150379', '多功能报警器', null, 'BC-2WS/50W(AS201/AC220V+80W喇叭+AS手持话筒', '台', '上海满川电器有限公司', '26015', null, null, null, null, null, null, null, '1002V5100000001K4SWM', '2017-03-08', null, null, null, null, null, null, null, null, null, '1');
INSERT INTO `buy` VALUES ('983', null, '260150379', '多功能报警器', null, 'BC-2WS/50W(AS201/AC220V+80W喇叭+AS手持话筒', '台', '上海满川电器有限公司', '26015', null, null, null, null, null, null, null, '1002V5100000001K4SWM', '2017-03-08', null, null, null, null, null, null, null, null, null, '1');
INSERT INTO `buy` VALUES ('984', null, '260150379', '多功能报警器', null, 'BC-2WS/50W(AS201/AC220V+80W喇叭+AS手持话筒', '台', '上海满川电器有限公司', '26015', null, null, null, null, null, null, null, '1002V5100000001K4SWM', '2017-03-08', null, null, null, null, null, null, null, null, null, '1');
INSERT INTO `buy` VALUES ('985', null, '260150379', '多功能报警器', null, 'BC-2WS/50W(AS201/AC220V+80W喇叭+AS手持话筒', '台', '上海满川电器有限公司', '26015', null, null, null, null, null, null, null, '1002V5100000001K4SWM', '2017-03-08', null, null, null, null, null, null, null, null, null, '1');
INSERT INTO `buy` VALUES ('986', null, '260040020190', '耐震压力表', null, 'Y-100AZ/0-1Mpa', '块', '上海满川电器有限公司', '26004002', null, null, null, null, null, null, null, '1002V5100000001KAUNS', '2017-03-08', null, null, null, null, null, null, null, null, null, '1');
INSERT INTO `buy` VALUES ('987', null, '260040020190', '耐震压力表', null, 'Y-100AZ/0-1Mpa', '块', '上海满川电器有限公司', '26004002', null, null, null, null, null, null, null, '1002V5100000001KAUNS', '2017-03-08', null, null, null, null, null, null, null, null, null, '1');
INSERT INTO `buy` VALUES ('988', null, '260040020190', '耐震压力表', null, 'Y-100AZ/0-1Mpa', '块', '上海满川电器有限公司', '26004002', null, null, null, null, null, null, null, '1002V5100000001KAUNS', '2017-03-08', null, null, null, null, null, null, null, null, null, '1');
INSERT INTO `buy` VALUES ('989', null, '260040020190', '耐震压力表', null, 'Y-100AZ/0-1Mpa', '块', '上海满川电器有限公司', '26004002', null, null, null, null, null, null, null, '1002V5100000001KAUNS', '2017-03-08', null, null, null, null, null, null, null, null, null, '1');
INSERT INTO `buy` VALUES ('990', null, '260040020190', '耐震压力表', null, 'Y-100AZ/0-1Mpa', '块', '上海满川电器有限公司', '26004002', null, null, null, null, null, null, null, '1002V5100000001KAUNS', '2017-03-08', null, null, null, null, null, null, null, null, null, '1');
INSERT INTO `buy` VALUES ('991', null, '260113364', '差压变送器', null, 'EJA110A-ELS5A-92NA/0-2.5KPA', '个', '上海满川电器有限公司', '26011', null, null, null, null, null, null, null, '1002V5100000001LNQ62', '2017-03-14', null, null, null, null, null, null, null, null, null, '1');
INSERT INTO `buy` VALUES ('992', null, '260020990014', '高压验电器', null, '10KV', '个', '邯郸市丛台区光明照明电器物资供应站', '26002099', null, null, null, null, null, null, null, '0001V51000000000CM2Y', '2017-03-28', null, null, null, null, null, null, null, null, null, '1');
INSERT INTO `buy` VALUES ('993', null, '260150389', '固定式报警控制器', null, 'DKT-800/32/CO', '个', '上海满川电器有限公司', '26015', null, null, null, null, null, null, null, '1002V5100000001M62IH', '2017-03-30', null, null, null, null, null, null, null, null, null, '1');
INSERT INTO `buy` VALUES ('994', null, '260150389', '固定式报警控制器', null, 'DKT-800/32/CO', '个', '上海满川电器有限公司', '26015', null, null, null, null, null, null, null, '1002V5100000001M62IH', '2017-03-30', null, null, null, null, null, null, null, null, null, '1');
INSERT INTO `buy` VALUES ('995', null, '260150365', '固定式煤气报警仪', null, 'DKT-500D/CO', '件', '上海满川电器有限公司', '26015', null, null, null, null, null, null, null, '1002V5100000001EIHRP', '2017-03-30', null, null, null, null, null, null, null, null, null, '1');
INSERT INTO `buy` VALUES ('996', null, '260150365', '固定式煤气报警仪', null, 'DKT-500D/CO', '件', '上海满川电器有限公司', '26015', null, null, null, null, null, null, null, '1002V5100000001EIHRP', '2017-03-30', null, null, null, null, null, null, null, null, null, '1');
INSERT INTO `buy` VALUES ('997', null, '260150365', '固定式煤气报警仪', null, 'DKT-500D/CO', '件', '上海满川电器有限公司', '26015', null, null, null, null, null, null, null, '1002V5100000001EIHRP', '2017-03-30', null, null, null, null, null, null, null, null, null, '1');
INSERT INTO `buy` VALUES ('998', null, '260150365', '固定式煤气报警仪', null, 'DKT-500D/CO', '件', '上海满川电器有限公司', '26015', null, null, null, null, null, null, null, '1002V5100000001EIHRP', '2017-03-30', null, null, null, null, null, null, null, null, null, '1');
INSERT INTO `buy` VALUES ('999', null, '260150365', '固定式煤气报警仪', null, 'DKT-500D/CO', '件', '上海满川电器有限公司', '26015', null, null, null, null, null, null, null, '1002V5100000001EIHRP', '2017-03-30', null, null, null, null, null, null, null, null, null, '1');
INSERT INTO `buy` VALUES ('1000', null, '260150365', '固定式煤气报警仪', null, 'DKT-500D/CO', '件', '上海满川电器有限公司', '26015', null, null, null, null, null, null, null, '1002V5100000001EIHRP', '2017-03-30', null, null, null, null, null, null, null, null, null, '1');
INSERT INTO `buy` VALUES ('1001', null, '260150365', '固定式煤气报警仪', null, 'DKT-500D/CO', '件', '上海满川电器有限公司', '26015', null, null, null, null, null, null, null, '1002V5100000001EIHRP', '2017-03-30', null, null, null, null, null, null, null, null, null, '1');
INSERT INTO `buy` VALUES ('1002', null, '260150365', '固定式煤气报警仪', null, 'DKT-500D/CO', '件', '上海满川电器有限公司', '26015', null, null, null, null, null, null, null, '1002V5100000001EIHRP', '2017-03-30', null, null, null, null, null, null, null, null, null, '1');
INSERT INTO `buy` VALUES ('1003', null, '260150365', '固定式煤气报警仪', null, 'DKT-500D/CO', '件', '上海满川电器有限公司', '26015', null, null, null, null, null, null, null, '1002V5100000001EIHRP', '2017-03-30', null, null, null, null, null, null, null, null, null, '1');
INSERT INTO `buy` VALUES ('1004', null, '260150365', '固定式煤气报警仪', null, 'DKT-500D/CO', '件', '上海满川电器有限公司', '26015', null, null, null, null, null, null, null, '1002V5100000001EIHRP', '2017-03-30', null, null, null, null, null, null, null, null, null, '1');
INSERT INTO `buy` VALUES ('1005', null, '260150365', '固定式煤气报警仪', null, 'DKT-500D/CO', '件', '上海满川电器有限公司', '26015', null, null, null, null, null, null, null, '1002V5100000001EIHRP', '2017-03-30', null, null, null, null, null, null, null, null, null, '1');
INSERT INTO `buy` VALUES ('1006', null, '260150365', '固定式煤气报警仪', null, 'DKT-500D/CO', '件', '上海满川电器有限公司', '26015', null, null, null, null, null, null, null, '1002V5100000001EIHRP', '2017-03-30', null, null, null, null, null, null, null, null, null, '1');
INSERT INTO `buy` VALUES ('1007', null, '260150365', '固定式煤气报警仪', null, 'DKT-500D/CO', '件', '上海满川电器有限公司', '26015', null, null, null, null, null, null, null, '1002V5100000001EIHRP', '2017-03-30', null, null, null, null, null, null, null, null, null, '1');
INSERT INTO `buy` VALUES ('1008', null, '260150365', '固定式煤气报警仪', null, 'DKT-500D/CO', '件', '上海满川电器有限公司', '26015', null, null, null, null, null, null, null, '1002V5100000001EIHRP', '2017-03-30', null, null, null, null, null, null, null, null, null, '1');
INSERT INTO `buy` VALUES ('1009', null, '260150365', '固定式煤气报警仪', null, 'DKT-500D/CO', '件', '上海满川电器有限公司', '26015', null, null, null, null, null, null, null, '1002V5100000001EIHRP', '2017-03-30', null, null, null, null, null, null, null, null, null, '1');
INSERT INTO `buy` VALUES ('1010', null, '260150365', '固定式煤气报警仪', null, 'DKT-500D/CO', '件', '上海满川电器有限公司', '26015', null, null, null, null, null, null, null, '1002V5100000001EIHRP', '2017-03-30', null, null, null, null, null, null, null, null, null, '1');
INSERT INTO `buy` VALUES ('1011', null, '260150365', '固定式煤气报警仪', null, 'DKT-500D/CO', '件', '上海满川电器有限公司', '26015', null, null, null, null, null, null, null, '1002V5100000001EIHRP', '2017-03-30', null, null, null, null, null, null, null, null, null, '1');
INSERT INTO `buy` VALUES ('1012', null, '260150365', '固定式煤气报警仪', null, 'DKT-500D/CO', '件', '上海满川电器有限公司', '26015', null, null, null, null, null, null, null, '1002V5100000001EIHRP', '2017-03-30', null, null, null, null, null, null, null, null, null, '1');
INSERT INTO `buy` VALUES ('1013', null, '260150365', '固定式煤气报警仪', null, 'DKT-500D/CO', '件', '上海满川电器有限公司', '26015', null, null, null, null, null, null, null, '1002V5100000001EIHRP', '2017-03-30', null, null, null, null, null, null, null, null, null, '1');
INSERT INTO `buy` VALUES ('1014', null, '260150365', '固定式煤气报警仪', null, 'DKT-500D/CO', '件', '上海满川电器有限公司', '26015', null, null, null, null, null, null, null, '1002V5100000001EIHRP', '2017-03-30', null, null, null, null, null, null, null, null, null, '1');
INSERT INTO `buy` VALUES ('1015', null, '260150365', '固定式煤气报警仪', null, 'DKT-500D/CO', '件', '上海满川电器有限公司', '26015', null, null, null, null, null, null, null, '1002V5100000001EIHRP', '2017-03-30', null, null, null, null, null, null, null, null, null, '1');
INSERT INTO `buy` VALUES ('1016', null, '260150365', '固定式煤气报警仪', null, 'DKT-500D/CO', '件', '上海满川电器有限公司', '26015', null, null, null, null, null, null, null, '1002V5100000001EIHRP', '2017-03-30', null, null, null, null, null, null, null, null, null, '1');
INSERT INTO `buy` VALUES ('1017', null, '260150365', '固定式煤气报警仪', null, 'DKT-500D/CO', '件', '上海满川电器有限公司', '26015', null, null, null, null, null, null, null, '1002V5100000001EIHRP', '2017-03-30', null, null, null, null, null, null, null, null, null, '1');
INSERT INTO `buy` VALUES ('1018', null, '260150365', '固定式煤气报警仪', null, 'DKT-500D/CO', '件', '上海满川电器有限公司', '26015', null, null, null, null, null, null, null, '1002V5100000001EIHRP', '2017-03-30', null, null, null, null, null, null, null, null, null, '1');
INSERT INTO `buy` VALUES ('1019', null, '260150365', '固定式煤气报警仪', null, 'DKT-500D/CO', '件', '上海满川电器有限公司', '26015', null, null, null, null, null, null, null, '1002V5100000001EIHRP', '2017-03-30', null, null, null, null, null, null, null, null, null, '1');
INSERT INTO `buy` VALUES ('1020', null, '260150365', '固定式煤气报警仪', null, 'DKT-500D/CO', '件', '上海满川电器有限公司', '26015', null, null, null, null, null, null, null, '1002V5100000001EIHRP', '2017-03-30', null, null, null, null, null, null, null, null, null, '1');
INSERT INTO `buy` VALUES ('1021', null, '260150365', '固定式煤气报警仪', null, 'DKT-500D/CO', '件', '上海满川电器有限公司', '26015', null, null, null, null, null, null, null, '1002V5100000001EIHRP', '2017-03-30', null, null, null, null, null, null, null, null, null, '1');
INSERT INTO `buy` VALUES ('1022', null, '260150365', '固定式煤气报警仪', null, 'DKT-500D/CO', '件', '上海满川电器有限公司', '26015', null, null, null, null, null, null, null, '1002V5100000001EIHRP', '2017-03-30', null, null, null, null, null, null, null, null, null, '1');
INSERT INTO `buy` VALUES ('1023', null, '260150365', '固定式煤气报警仪', null, 'DKT-500D/CO', '件', '上海满川电器有限公司', '26015', null, null, null, null, null, null, null, '1002V5100000001EIHRP', '2017-03-30', null, null, null, null, null, null, null, null, null, '1');
INSERT INTO `buy` VALUES ('1024', null, '260150365', '固定式煤气报警仪', null, 'DKT-500D/CO', '件', '上海满川电器有限公司', '26015', null, null, null, null, null, null, null, '1002V5100000001EIHRP', '2017-03-30', null, null, null, null, null, null, null, null, null, '1');
INSERT INTO `buy` VALUES ('1025', null, '260150365', '固定式煤气报警仪', null, 'DKT-500D/CO', '件', '上海满川电器有限公司', '26015', null, null, null, null, null, null, null, '1002V5100000001EIHRP', '2017-03-30', null, null, null, null, null, null, null, null, null, '1');
INSERT INTO `buy` VALUES ('1026', null, '260150365', '固定式煤气报警仪', null, 'DKT-500D/CO', '件', '上海满川电器有限公司', '26015', null, null, null, null, null, null, null, '1002V5100000001EIHRP', '2017-03-30', null, null, null, null, null, null, null, null, null, '1');
INSERT INTO `buy` VALUES ('1027', null, '260150365', '固定式煤气报警仪', null, 'DKT-500D/CO', '件', '上海满川电器有限公司', '26015', null, null, null, null, null, null, null, '1002V5100000001EIHRP', '2017-03-30', null, null, null, null, null, null, null, null, null, '1');
INSERT INTO `buy` VALUES ('1028', null, '260150365', '固定式煤气报警仪', null, 'DKT-500D/CO', '件', '上海满川电器有限公司', '26015', null, null, null, null, null, null, null, '1002V5100000001EIHRP', '2017-03-30', null, null, null, null, null, null, null, null, null, '1');
INSERT INTO `buy` VALUES ('1029', null, '260150365', '固定式煤气报警仪', null, 'DKT-500D/CO', '件', '上海满川电器有限公司', '26015', null, null, null, null, null, null, null, '1002V5100000001EIHRP', '2017-03-30', null, null, null, null, null, null, null, null, null, '1');
INSERT INTO `buy` VALUES ('1030', null, '260150365', '固定式煤气报警仪', null, 'DKT-500D/CO', '件', '上海满川电器有限公司', '26015', null, null, null, null, null, null, null, '1002V5100000001EIHRP', '2017-03-30', null, null, null, null, null, null, null, null, null, '1');
INSERT INTO `buy` VALUES ('1031', null, '260150365', '固定式煤气报警仪', null, 'DKT-500D/CO', '件', '上海满川电器有限公司', '26015', null, null, null, null, null, null, null, '1002V5100000001EIHRP', '2017-03-30', null, null, null, null, null, null, null, null, null, '1');
INSERT INTO `buy` VALUES ('1032', null, '260150365', '固定式煤气报警仪', null, 'DKT-500D/CO', '件', '上海满川电器有限公司', '26015', null, null, null, null, null, null, null, '1002V5100000001EIHRP', '2017-03-30', null, null, null, null, null, null, null, null, null, '1');
INSERT INTO `buy` VALUES ('1033', null, '260150365', '固定式煤气报警仪', null, 'DKT-500D/CO', '件', '上海满川电器有限公司', '26015', null, null, null, null, null, null, null, '1002V5100000001EIHRP', '2017-03-30', null, null, null, null, null, null, null, null, null, '1');
INSERT INTO `buy` VALUES ('1034', null, '260150365', '固定式煤气报警仪', null, 'DKT-500D/CO', '件', '上海满川电器有限公司', '26015', null, null, null, null, null, null, null, '1002V5100000001EIHRP', '2017-03-30', null, null, null, null, null, null, null, null, null, '1');
INSERT INTO `buy` VALUES ('1035', null, '260150365', '固定式煤气报警仪', null, 'DKT-500D/CO', '件', '上海满川电器有限公司', '26015', null, null, null, null, null, null, null, '1002V5100000001EIHRP', '2017-03-30', null, null, null, null, null, null, null, null, null, '1');
INSERT INTO `buy` VALUES ('1036', null, '260150365', '固定式煤气报警仪', null, 'DKT-500D/CO', '件', '上海满川电器有限公司', '26015', null, null, null, null, null, null, null, '1002V5100000001EIHRP', '2017-03-30', null, null, null, null, null, null, null, null, null, '1');
INSERT INTO `buy` VALUES ('1037', null, '260150365', '固定式煤气报警仪', null, 'DKT-500D/CO', '件', '上海满川电器有限公司', '26015', null, null, null, null, null, null, null, '1002V5100000001EIHRP', '2017-03-30', null, null, null, null, null, null, null, null, null, '1');
INSERT INTO `buy` VALUES ('1038', null, '260150365', '固定式煤气报警仪', null, 'DKT-500D/CO', '件', '上海满川电器有限公司', '26015', null, null, null, null, null, null, null, '1002V5100000001EIHRP', '2017-03-30', null, null, null, null, null, null, null, null, null, '1');
INSERT INTO `buy` VALUES ('1039', null, '260150365', '固定式煤气报警仪', null, 'DKT-500D/CO', '件', '上海满川电器有限公司', '26015', null, null, null, null, null, null, null, '1002V5100000001EIHRP', '2017-03-30', null, null, null, null, null, null, null, null, null, '1');
INSERT INTO `buy` VALUES ('1040', null, '260150365', '固定式煤气报警仪', null, 'DKT-500D/CO', '件', '上海满川电器有限公司', '26015', null, null, null, null, null, null, null, '1002V5100000001EIHRP', '2017-03-30', null, null, null, null, null, null, null, null, null, '1');
INSERT INTO `buy` VALUES ('1041', null, '260150365', '固定式煤气报警仪', null, 'DKT-500D/CO', '件', '上海满川电器有限公司', '26015', null, null, null, null, null, null, null, '1002V5100000001EIHRP', '2017-03-30', null, null, null, null, null, null, null, null, null, '1');
INSERT INTO `buy` VALUES ('1042', null, '260150365', '固定式煤气报警仪', null, 'DKT-500D/CO', '件', '上海满川电器有限公司', '26015', null, null, null, null, null, null, null, '1002V5100000001EIHRP', '2017-03-30', null, null, null, null, null, null, null, null, null, '1');
INSERT INTO `buy` VALUES ('1043', null, '260150365', '固定式煤气报警仪', null, 'DKT-500D/CO', '件', '上海满川电器有限公司', '26015', null, null, null, null, null, null, null, '1002V5100000001EIHRP', '2017-03-30', null, null, null, null, null, null, null, null, null, '1');
INSERT INTO `buy` VALUES ('1044', null, '260150365', '固定式煤气报警仪', null, 'DKT-500D/CO', '件', '上海满川电器有限公司', '26015', null, null, null, null, null, null, null, '1002V5100000001EIHRP', '2017-03-30', null, null, null, null, null, null, null, null, null, '1');
INSERT INTO `buy` VALUES ('1045', null, '260150365', '固定式煤气报警仪', null, 'DKT-500D/CO', '件', '上海满川电器有限公司', '26015', null, null, null, null, null, null, null, '1002V5100000001EIHRP', '2017-03-30', null, null, null, null, null, null, null, null, null, '1');
INSERT INTO `buy` VALUES ('1046', null, '260150365', '固定式煤气报警仪', null, 'DKT-500D/CO', '件', '上海满川电器有限公司', '26015', null, null, null, null, null, null, null, '1002V5100000001EIHRP', '2017-03-30', null, null, null, null, null, null, null, null, null, '1');
INSERT INTO `buy` VALUES ('1047', null, '260150365', '固定式煤气报警仪', null, 'DKT-500D/CO', '件', '上海满川电器有限公司', '26015', null, null, null, null, null, null, null, '1002V5100000001EIHRP', '2017-03-30', null, null, null, null, null, null, null, null, null, '1');
INSERT INTO `buy` VALUES ('1048', null, '260150365', '固定式煤气报警仪', null, 'DKT-500D/CO', '件', '上海满川电器有限公司', '26015', null, null, null, null, null, null, null, '1002V5100000001EIHRP', '2017-03-30', null, null, null, null, null, null, null, null, null, '1');
INSERT INTO `buy` VALUES ('1049', null, '260150365', '固定式煤气报警仪', null, 'DKT-500D/CO', '件', '上海满川电器有限公司', '26015', null, null, null, null, null, null, null, '1002V5100000001EIHRP', '2017-03-30', null, null, null, null, null, null, null, null, null, '1');
INSERT INTO `buy` VALUES ('1050', null, '260150365', '固定式煤气报警仪', null, 'DKT-500D/CO', '件', '上海满川电器有限公司', '26015', null, null, null, null, null, null, null, '1002V5100000001EIHRP', '2017-03-30', null, null, null, null, null, null, null, null, null, '1');
INSERT INTO `buy` VALUES ('1051', null, '260150335', '便携式煤气报警仪', null, 'GAXT-M-DL/CO', '个', '上海满川电器有限公司', '26015', null, null, null, null, null, null, null, '1002V5100000001ABOFX', '2017-03-30', null, null, null, null, null, null, null, null, null, '1');
INSERT INTO `buy` VALUES ('1052', null, '260150335', '便携式煤气报警仪', null, 'GAXT-M-DL/CO', '个', '上海满川电器有限公司', '26015', null, null, null, null, null, null, null, '1002V5100000001ABOFX', '2017-03-30', null, null, null, null, null, null, null, null, null, '1');
INSERT INTO `buy` VALUES ('1053', null, '260150335', '便携式煤气报警仪', null, 'GAXT-M-DL/CO', '个', '上海满川电器有限公司', '26015', null, null, null, null, null, null, null, '1002V5100000001ABOFX', '2017-03-30', null, null, null, null, null, null, null, null, null, '1');
INSERT INTO `buy` VALUES ('1054', null, '260150335', '便携式煤气报警仪', null, 'GAXT-M-DL/CO', '个', '上海满川电器有限公司', '26015', null, null, null, null, null, null, null, '1002V5100000001ABOFX', '2017-03-30', null, null, null, null, null, null, null, null, null, '1');
INSERT INTO `buy` VALUES ('1055', null, '260150335', '便携式煤气报警仪', null, 'GAXT-M-DL/CO', '个', '上海满川电器有限公司', '26015', null, null, null, null, null, null, null, '1002V5100000001ABOFX', '2017-03-30', null, null, null, null, null, null, null, null, null, '1');
INSERT INTO `buy` VALUES ('1056', null, '260070040049', '热电偶保护管', null, 'L=1500*1350-25配WRP-131S碳化管', '支', '上海满川电器有限公司', '26007004', null, null, null, null, null, null, null, '1002V5100000001M62GV', '2017-03-30', null, null, null, null, null, null, null, null, null, '1');
INSERT INTO `buy` VALUES ('1057', null, '260070040049', '热电偶保护管', null, 'L=1500*1350-25配WRP-131S碳化管', '支', '上海满川电器有限公司', '26007004', null, null, null, null, null, null, null, '1002V5100000001M62GV', '2017-03-30', null, null, null, null, null, null, null, null, null, '1');
INSERT INTO `buy` VALUES ('1058', null, '260070020343', '热电偶', null, 'WRP-131S/L=1500*1350-25碳化管', '支', '上海满川电器有限公司', '26007002', null, null, null, null, null, null, null, '1002V5100000001M62GZ', '2017-03-30', null, null, null, null, null, null, null, null, null, '1');
INSERT INTO `buy` VALUES ('1059', null, '260070020343', '热电偶', null, 'WRP-131S/L=1500*1350-25碳化管', '支', '上海满川电器有限公司', '26007002', null, null, null, null, null, null, null, '1002V5100000001M62GZ', '2017-03-30', null, null, null, null, null, null, null, null, null, '1');
INSERT INTO `buy` VALUES ('1060', null, '260990916', '测量气体室', null, 'F.211', '个', '北京易德盛世科贸有限公司', '26099', null, null, null, null, null, null, null, '1002V5100000001AJH9P', '2017-04-01', null, null, null, null, null, null, null, null, null, '1');
INSERT INTO `buy` VALUES ('1061', null, '260990582', '高温紫外光纤', null, 'A型800', '根', '北京易德盛世科贸有限公司', '26099', null, null, null, null, null, null, null, '1002V5100000000LTSBI', '2017-04-01', null, null, null, null, null, null, null, null, null, '1');
INSERT INTO `buy` VALUES ('1062', null, '260990582', '高温紫外光纤', null, 'A型800', '根', '北京易德盛世科贸有限公司', '26099', null, null, null, null, null, null, null, '1002V5100000000LTSBI', '2017-04-01', null, null, null, null, null, null, null, null, null, '1');
INSERT INTO `buy` VALUES ('1063', null, '260990583', '高温紫外光纤', null, 'A型1000', '根', '北京易德盛世科贸有限公司', '26099', null, null, null, null, null, null, null, '1002V5100000000LTSBJ', '2017-04-01', null, null, null, null, null, null, null, null, null, '1');
INSERT INTO `buy` VALUES ('1064', null, '260990583', '高温紫外光纤', null, 'A型1000', '根', '北京易德盛世科贸有限公司', '26099', null, null, null, null, null, null, null, '1002V5100000000LTSBJ', '2017-04-01', null, null, null, null, null, null, null, null, null, '1');
INSERT INTO `buy` VALUES ('1065', null, '260991005', '电子称重仪表', null, 'PT650D', '个', '上海康创自控设备有限公司', '26099', null, null, null, null, null, null, null, '1002V5100000001KXYE3', '2017-04-15', null, null, null, null, null, null, null, null, null, '1');
INSERT INTO `buy` VALUES ('1066', null, '260991005', '电子称重仪表', null, 'PT650D', '个', '上海康创自控设备有限公司', '26099', null, null, null, null, null, null, null, '1002V5100000001KXYE3', '2017-04-15', null, null, null, null, null, null, null, null, null, '1');
INSERT INTO `buy` VALUES ('1067', null, '260991005', '电子称重仪表', null, 'PT650D', '个', '上海康创自控设备有限公司', '26099', null, null, null, null, null, null, null, '1002V5100000001KXYE3', '2017-04-15', null, null, null, null, null, null, null, null, null, '1');
INSERT INTO `buy` VALUES ('1068', null, '260991005', '电子称重仪表', null, 'PT650D', '个', '上海康创自控设备有限公司', '26099', null, null, null, null, null, null, null, '1002V5100000001KXYE3', '2017-04-15', null, null, null, null, null, null, null, null, null, '1');
INSERT INTO `buy` VALUES ('1069', null, '260991005', '电子称重仪表', null, 'PT650D', '个', '上海康创自控设备有限公司', '26099', null, null, null, null, null, null, null, '1002V5100000001KXYE3', '2017-04-15', null, null, null, null, null, null, null, null, null, '1');
INSERT INTO `buy` VALUES ('1070', null, '260991005', '电子称重仪表', null, 'PT650D', '个', '上海康创自控设备有限公司', '26099', null, null, null, null, null, null, null, '1002V5100000001KXYE3', '2017-04-15', null, null, null, null, null, null, null, null, null, '1');

-- ----------------------------
-- Table structure for category
-- ----------------------------
DROP TABLE IF EXISTS `category`;
CREATE TABLE `category` (
  `id` int(13) NOT NULL AUTO_INCREMENT,
  `no` varchar(20) DEFAULT NULL,
  `name` varchar(20) DEFAULT NULL,
  PRIMARY KEY (`id`)
) ENGINE=InnoDB AUTO_INCREMENT=105 DEFAULT CHARSET=utf8;

-- ----------------------------
-- Records of category
-- ----------------------------
INSERT INTO `category` VALUES ('53', '26', '仪表');
INSERT INTO `category` VALUES ('54', '26001', '电能表');
INSERT INTO `category` VALUES ('55', '26002', '电工仪表');
INSERT INTO `category` VALUES ('56', '26002001', '万用表');
INSERT INTO `category` VALUES ('57', '26002002', '绝缘电阻表');
INSERT INTO `category` VALUES ('58', '26002005', '钳形表');
INSERT INTO `category` VALUES ('59', '26002099', '电工仪表其他类');
INSERT INTO `category` VALUES ('60', '26003', '电流电压表');
INSERT INTO `category` VALUES ('61', '26003001', '电流表');
INSERT INTO `category` VALUES ('62', '26003002', '电压表');
INSERT INTO `category` VALUES ('63', '26003003', '功率因数表');
INSERT INTO `category` VALUES ('64', '26003004', '频率表');
INSERT INTO `category` VALUES ('65', '26004', '压力表');
INSERT INTO `category` VALUES ('66', '26004001', 'Y系列压力表');
INSERT INTO `category` VALUES ('67', '26004002', '耐震压力表');
INSERT INTO `category` VALUES ('68', '26004003', '电接点压力表');
INSERT INTO `category` VALUES ('69', '26004004', '真空压力表');
INSERT INTO `category` VALUES ('70', '26004099', '其它压力表');
INSERT INTO `category` VALUES ('71', '26005', '数显及调节仪表');
INSERT INTO `category` VALUES ('72', '26005001', '数字显示仪');
INSERT INTO `category` VALUES ('73', '26005002', '数字显示调节仪');
INSERT INTO `category` VALUES ('74', '26005003', '数字显示转换仪');
INSERT INTO `category` VALUES ('75', '26005005', '数字测震表');
INSERT INTO `category` VALUES ('76', '26006', '测速仪表');
INSERT INTO `category` VALUES ('77', '26007', '热工测温仪表、仪器');
INSERT INTO `category` VALUES ('78', '26007001', '温度计');
INSERT INTO `category` VALUES ('79', '26007002', '热电偶');
INSERT INTO `category` VALUES ('80', '26007003', '热电阻');
INSERT INTO `category` VALUES ('81', '26007004', '电偶保护管');
INSERT INTO `category` VALUES ('82', '26007005', '取样器');
INSERT INTO `category` VALUES ('83', '26007006', '热电偶丝');
INSERT INTO `category` VALUES ('84', '26007099', '热工其它类');
INSERT INTO `category` VALUES ('85', '26008', '物位及机械量仪表');
INSERT INTO `category` VALUES ('86', '26008001', '液位指示计');
INSERT INTO `category` VALUES ('87', '26008002', '扭力天平');
INSERT INTO `category` VALUES ('88', '26008003', '积算器');
INSERT INTO `category` VALUES ('89', '26008004', '称重显示控制器');
INSERT INTO `category` VALUES ('90', '26008005', '物位仪表');
INSERT INTO `category` VALUES ('91', '26009', '流量仪表');
INSERT INTO `category` VALUES ('92', '26010', '记录绘图仪器仪表');
INSERT INTO `category` VALUES ('93', '26011', '变送器及传感器');
INSERT INTO `category` VALUES ('94', '26012', '仪表附件类');
INSERT INTO `category` VALUES ('95', '26012001', '自整角接收机');
INSERT INTO `category` VALUES ('96', '26012002', '仪表同步电动机');
INSERT INTO `category` VALUES ('97', '26012003', '齐纳安全栅');
INSERT INTO `category` VALUES ('98', '26012004', '电极');
INSERT INTO `category` VALUES ('99', '26012099', '其他仪表附件类');
INSERT INTO `category` VALUES ('100', '26013', '操作模块');
INSERT INTO `category` VALUES ('101', '26014', '手操器');
INSERT INTO `category` VALUES ('102', '26015', '报警仪器');
INSERT INTO `category` VALUES ('103', '26018', '分析仪器');
INSERT INTO `category` VALUES ('104', '26099', '其它仪器仪表');

-- ----------------------------
-- Table structure for check
-- ----------------------------
DROP TABLE IF EXISTS `check`;
CREATE TABLE `check` (
  `id` int(11) NOT NULL AUTO_INCREMENT,
  `devid` int(11) NOT NULL,
  `type` int(11) NOT NULL,
  `res` int(11) NOT NULL,
  `info` varchar(255) DEFAULT '',
  `user` int(11) NOT NULL,
  `time` date NOT NULL,
  `chgStatus` int(11) DEFAULT NULL,
  `downAccu` varchar(5) DEFAULT NULL,
  `valid` date DEFAULT NULL,
  `track` char(2) DEFAULT NULL,
  `conclu` varchar(10) DEFAULT NULL,
  `reason1` tinyint(1) DEFAULT NULL,
  `reason2` tinyint(1) DEFAULT NULL,
  `reason3` tinyint(1) DEFAULT NULL,
  `reason4` tinyint(1) DEFAULT NULL,
  `reason5` tinyint(1) DEFAULT NULL,
  `reason6` tinyint(1) DEFAULT NULL,
  `reason7` tinyint(1) DEFAULT NULL,
  `reason8` tinyint(1) DEFAULT NULL,
  `reason9` tinyint(1) DEFAULT NULL,
  `when` varchar(5) DEFAULT NULL,
  PRIMARY KEY (`id`),
  KEY `devid` (`devid`),
  KEY `type` (`type`),
  KEY `user` (`user`),
  CONSTRAINT `check_ibfk_1` FOREIGN KEY (`devid`) REFERENCES `buy` (`id`) ON DELETE CASCADE ON UPDATE NO ACTION,
  CONSTRAINT `check_ibfk_2` FOREIGN KEY (`type`) REFERENCES `check_type` (`id`) ON DELETE NO ACTION ON UPDATE NO ACTION,
  CONSTRAINT `check_ibfk_3` FOREIGN KEY (`user`) REFERENCES `user` (`id`) ON DELETE NO ACTION ON UPDATE NO ACTION
) ENGINE=InnoDB AUTO_INCREMENT=61 DEFAULT CHARSET=utf8;

-- ----------------------------
-- Records of check
-- ----------------------------
INSERT INTO `check` VALUES ('1', '571', '1', '2', '测试下载按钮', '47', '2017-07-19', null, null, '2017-07-22', '检定', null, '1', '1', '1', '1', '1', null, '1', null, null, '检定校准');
INSERT INTO `check` VALUES ('3', '572', '1', '2', '', '47', '2017-07-20', null, null, '2017-07-22', '检定', null, null, null, null, null, null, null, null, null, null, null);
INSERT INTO `check` VALUES ('4', '571', '1', '2', '测试处理结果', '47', '2017-07-20', null, null, '2017-07-25', '检定', null, '1', '1', '1', '1', '1', '1', '1', '1', '1', '检定校准');
INSERT INTO `check` VALUES ('5', '572', '1', '2', '', '47', '2017-07-12', null, null, '2017-07-22', '检定', null, null, null, null, null, null, null, null, null, null, null);
INSERT INTO `check` VALUES ('6', '591', '1', '2', '', '47', '2017-07-12', null, null, '2017-07-22', '检定', null, null, null, null, null, null, null, null, null, null, null);
INSERT INTO `check` VALUES ('12', '572', '2', '2', '测试处理结果', '47', '2017-07-17', null, null, '2014-01-20', '检定', null, '1', '1', '1', null, null, '1', null, null, '1', '检定校准');
INSERT INTO `check` VALUES ('13', '549', '2', '2', 'test info', '47', '2017-07-25', '8', null, null, '检定', null, '1', '1', '1', '1', '1', '1', '1', '1', '1', '检定校准');
INSERT INTO `check` VALUES ('14', '550', '2', '2', '', '47', '2017-07-26', null, null, '2016-01-20', '校准', '0.10mA', null, null, null, null, null, null, null, null, null, null);
INSERT INTO `check` VALUES ('15', '539', '2', '2', '', '47', '2017-07-26', null, null, '2017-01-23', '校准', '0.10mA', null, null, null, null, null, null, null, null, null, null);
INSERT INTO `check` VALUES ('16', '549', '2', '1', '', '47', '2017-07-28', null, null, '2018-01-25', '检定', null, null, null, null, null, null, null, null, null, null, null);
INSERT INTO `check` VALUES ('17', '562', '2', '1', '', '47', '2017-07-28', null, null, '2018-01-20', '检定', null, null, null, null, null, null, null, null, null, null, null);
INSERT INTO `check` VALUES ('18', '572', '2', '1', '', '47', '2017-07-28', null, null, '2018-01-20', '检定', null, null, null, null, null, null, null, null, null, null, null);
INSERT INTO `check` VALUES ('19', '573', '2', '1', '', '47', '2017-07-28', null, null, '2018-01-20', '检定', null, null, null, null, null, null, null, null, null, null, null);
INSERT INTO `check` VALUES ('20', '549', '2', '1', '', '47', '2017-07-28', null, null, '2018-01-28', '检定', null, null, null, null, null, null, null, null, null, null, null);
INSERT INTO `check` VALUES ('21', '562', '2', '1', '', '47', '2017-07-28', null, null, '2018-01-28', '检定', null, null, null, null, null, null, null, null, null, null, null);
INSERT INTO `check` VALUES ('22', '572', '2', '1', '', '47', '2017-07-28', null, null, '2018-01-28', '检定', null, null, null, null, null, null, null, null, null, null, null);
INSERT INTO `check` VALUES ('23', '549', '2', '1', '', '47', '2017-07-28', null, null, '2018-01-28', '检定', null, null, null, null, null, null, null, null, null, null, null);
INSERT INTO `check` VALUES ('24', '549', '2', '1', '', '47', '2017-07-28', '4', null, '2018-01-28', '检定', null, null, null, null, null, null, null, null, null, null, null);
INSERT INTO `check` VALUES ('25', '562', '2', '1', '', '47', '2017-07-28', '4', null, '2018-01-28', '检定', null, null, null, null, null, null, null, null, null, null, null);
INSERT INTO `check` VALUES ('26', '572', '2', '2', 'ff', '47', '2017-07-28', '8', null, null, '检定', null, '1', '1', null, null, null, '1', null, null, null, '检定校准');
INSERT INTO `check` VALUES ('27', '572', '2', '4', 'gg', '47', '2017-07-28', '13', null, null, '检定', null, '1', '1', null, null, null, '1', null, null, null, '检定校准');
INSERT INTO `check` VALUES ('30', '573', '2', '1', '', '47', '2017-07-28', '4', null, '2018-01-28', '检定', null, null, null, null, null, null, null, null, null, null, null);
INSERT INTO `check` VALUES ('31', '573', '2', '1', '', '47', '2017-07-28', '4', null, '2018-01-28', '检定', null, null, null, null, null, null, null, null, null, null, null);
INSERT INTO `check` VALUES ('32', '573', '2', '1', '', '47', '2017-07-28', '4', null, '2018-01-28', '检定', null, null, null, null, null, null, null, null, null, null, null);
INSERT INTO `check` VALUES ('33', '573', '2', '1', '', '47', '2017-07-28', '4', null, '2018-01-28', '检定', null, null, null, null, null, null, null, null, null, null, null);
INSERT INTO `check` VALUES ('34', '573', '2', '1', '', '47', '2017-07-28', '4', null, '2018-01-28', '检定', null, null, null, null, null, null, null, null, null, null, null);
INSERT INTO `check` VALUES ('35', '573', '2', '1', '', '47', '2017-07-28', '4', null, '2018-01-28', '检定', null, null, null, null, null, null, null, null, null, null, null);
INSERT INTO `check` VALUES ('36', '573', '2', '1', '', '47', '2017-07-28', '4', null, '2018-01-28', '检定', null, null, null, null, null, null, null, null, null, null, null);
INSERT INTO `check` VALUES ('37', '709', '1', '1', '', '47', '2017-08-01', null, null, null, '检定', null, null, null, null, null, null, null, null, null, null, null);
INSERT INTO `check` VALUES ('38', '542', '2', '1', '', '47', '2017-08-01', '4', null, '2017-01-20', '检定', null, null, null, null, null, null, null, null, null, null, null);
INSERT INTO `check` VALUES ('39', '543', '2', '1', '', '47', '2017-08-01', '4', null, '2017-01-20', '检定', null, null, null, null, null, null, null, null, null, null, null);
INSERT INTO `check` VALUES ('40', '540', '2', '1', '', '47', '2017-08-02', '4', null, '2017-01-23', '检定', null, null, null, null, null, null, null, null, null, null, null);
INSERT INTO `check` VALUES ('41', '541', '2', '1', '', '47', '2017-08-15', '4', null, '2017-01-23', '检定', null, null, null, null, null, null, null, null, null, null, null);
INSERT INTO `check` VALUES ('42', '710', '1', '1', '', '10', '2017-08-04', null, null, null, '检定', null, null, null, null, null, null, null, null, null, null, null);
INSERT INTO `check` VALUES ('43', '711', '1', '1', '', '47', '2017-08-05', null, null, null, '检定', null, null, null, null, null, null, null, null, null, null, null);
INSERT INTO `check` VALUES ('44', '712', '1', '1', '', '47', '2017-08-05', null, null, null, '检定', null, null, null, null, null, null, null, null, null, null, null);
INSERT INTO `check` VALUES ('45', '713', '1', '1', '', '47', '2017-08-10', null, null, null, '检定', null, null, null, null, null, null, null, null, null, null, null);
INSERT INTO `check` VALUES ('46', '714', '1', '1', '', '47', '2017-08-12', null, null, null, '检定', null, null, null, null, null, null, null, null, null, null, null);
INSERT INTO `check` VALUES ('47', '715', '1', '1', '', '47', '2017-08-05', null, null, null, '检定', null, null, null, null, null, null, null, null, null, null, null);
INSERT INTO `check` VALUES ('48', '716', '1', '1', '', '47', '2017-08-05', null, null, null, '检定', null, null, null, null, null, null, null, null, null, null, null);
INSERT INTO `check` VALUES ('49', '717', '1', '1', '', '47', '2017-08-05', null, null, null, '检定', null, null, null, null, null, null, null, null, null, null, null);
INSERT INTO `check` VALUES ('50', '722', '1', '1', '', '47', '2017-08-01', null, null, null, '检定', null, null, null, null, null, null, null, null, null, null, null);
INSERT INTO `check` VALUES ('51', '723', '1', '1', '', '47', '2017-08-03', null, null, null, '检定', null, null, null, null, null, null, null, null, null, null, null);
INSERT INTO `check` VALUES ('52', '724', '1', '1', '', '47', '2017-08-10', null, null, null, '校准', null, null, null, null, null, null, null, null, null, null, null);
INSERT INTO `check` VALUES ('53', '725', '1', '1', '', '10', '2017-08-04', null, null, null, '检定', null, null, null, null, null, null, null, null, null, null, null);
INSERT INTO `check` VALUES ('54', '726', '1', '1', '', '47', '2017-08-04', null, null, null, '检定', null, null, null, null, null, null, null, null, null, null, null);
INSERT INTO `check` VALUES ('55', '551', '2', '1', '', '10', '2017-08-06', '4', null, '2017-01-17', '检定', null, null, null, null, null, null, null, null, null, null, null);
INSERT INTO `check` VALUES ('56', '546', '2', '1', '', '10', '2017-08-06', '4', null, '2017-01-20', '检定', null, null, null, null, null, null, null, null, null, null, null);
INSERT INTO `check` VALUES ('57', '547', '2', '1', '', '10', '2017-08-06', '4', null, '2017-01-20', '检定', null, null, null, null, null, null, null, null, null, null, null);
INSERT INTO `check` VALUES ('58', '548', '2', '1', '', '47', '2017-08-07', '4', null, '2017-01-20', '检定', null, null, null, null, null, null, null, null, null, null, null);
INSERT INTO `check` VALUES ('59', '552', '2', '1', '', '47', '2017-08-07', '4', null, '2017-01-20', '检定', null, null, null, null, null, null, null, null, null, null, null);
INSERT INTO `check` VALUES ('60', '552', '2', '1', '', '47', '2017-08-07', '4', null, '2017-01-20', '检定', null, null, null, null, null, null, null, null, null, null, null);

-- ----------------------------
-- Table structure for check_type
-- ----------------------------
DROP TABLE IF EXISTS `check_type`;
CREATE TABLE `check_type` (
  `id` int(11) NOT NULL AUTO_INCREMENT,
  `name` varchar(255) NOT NULL,
  PRIMARY KEY (`id`)
) ENGINE=InnoDB AUTO_INCREMENT=5 DEFAULT CHARSET=utf8;

-- ----------------------------
-- Records of check_type
-- ----------------------------
INSERT INTO `check_type` VALUES ('1', '入厂检定');
INSERT INTO `check_type` VALUES ('2', '定期抽检');
INSERT INTO `check_type` VALUES ('3', '日常巡检');
INSERT INTO `check_type` VALUES ('4', '周期检定');

-- ----------------------------
-- Table structure for confirm
-- ----------------------------
DROP TABLE IF EXISTS `confirm`;
CREATE TABLE `confirm` (
  `id` int(11) NOT NULL AUTO_INCREMENT,
  `chkid` int(11) NOT NULL,
  `chkRes` varchar(50) DEFAULT NULL,
  `time` date DEFAULT NULL,
  `user` int(11) DEFAULT NULL,
  `scale` varchar(20) DEFAULT NULL,
  `error` varchar(20) DEFAULT NULL,
  `interval` varchar(20) DEFAULT NULL,
  PRIMARY KEY (`id`)
) ENGINE=InnoDB AUTO_INCREMENT=24 DEFAULT CHARSET=utf8;

-- ----------------------------
-- Records of confirm
-- ----------------------------
INSERT INTO `confirm` VALUES ('2', '2', '合格', '2017-07-21', '47', '0～10MPa', '0.5', '0.01MPa');
INSERT INTO `confirm` VALUES ('4', '3', '合格', '2017-07-21', '47', '0～10MPa', '0.5', '0.01MPa');
INSERT INTO `confirm` VALUES ('5', '3', '合格', '2017-07-21', '47', '0～10MPa', '0.5', '0.01MPa');
INSERT INTO `confirm` VALUES ('6', '3', '合格', '2017-07-21', '47', '0～10MPa', '0.5', '0.01MPa');
INSERT INTO `confirm` VALUES ('10', '5', '合格', '2017-07-21', '47', '0～10MPa', '0.5', '0.01MPa');
INSERT INTO `confirm` VALUES ('11', '6', '合格', '2017-07-21', '47', '0～10MPa', '0.5', '0.01MPa');
INSERT INTO `confirm` VALUES ('13', '15', '合格', '2017-07-26', '47', '0～1.0MPa', '0.5', '0.001MPa');
INSERT INTO `confirm` VALUES ('14', '37', '合格', '2017-08-08', '47', '0～10MPa', '0.5', '0.01MPa');
INSERT INTO `confirm` VALUES ('15', '42', '合格', '2017-08-10', '47', '0～10MPa', '0.5', '0.01MPa');
INSERT INTO `confirm` VALUES ('16', '43', '合格', '2017-08-12', '47', '0～10MPa', '0.5', '0.01MPa');
INSERT INTO `confirm` VALUES ('17', '44', '合格', '2017-08-12', '47', '0～10MPa', '0.5', '0.01MPa');
INSERT INTO `confirm` VALUES ('18', '45', '合格', '2017-08-12', '47', '0～10MPa', '0.5', '0.01MPa');
INSERT INTO `confirm` VALUES ('19', '46', '合格', '2017-08-12', '47', '0～10MPa', '0.5', '0.01MPa');
INSERT INTO `confirm` VALUES ('20', '47', '合格', '2017-08-12', '47', '0～10MPa', '0.5', '0.01MPa');
INSERT INTO `confirm` VALUES ('21', '48', '合格', '2017-08-12', '47', '0～10MPa', '0.5', '0.01MPa');
INSERT INTO `confirm` VALUES ('22', '49', '合格', '2017-08-12', '47', '0～10MPa', '0.5', '0.01MPa');
INSERT INTO `confirm` VALUES ('23', '50', '合格', '2017-08-12', '47', '0～10MPa', '0.5', '0.01MPa');

-- ----------------------------
-- Table structure for depart
-- ----------------------------
DROP TABLE IF EXISTS `depart`;
CREATE TABLE `depart` (
  `id` int(11) NOT NULL AUTO_INCREMENT,
  `depart` varchar(15) NOT NULL,
  `path` varchar(255) DEFAULT NULL,
  `comp` tinyint(3) DEFAULT NULL,
  `pid` int(11) DEFAULT NULL,
  `fid` int(11) DEFAULT NULL,
  PRIMARY KEY (`id`)
) ENGINE=InnoDB AUTO_INCREMENT=221 DEFAULT CHARSET=utf8;

-- ----------------------------
-- Records of depart
-- ----------------------------
INSERT INTO `depart` VALUES ('1', '新区竖炉', null, '1', null, null);
INSERT INTO `depart` VALUES ('2', '竖炉车间', '-1', '1', '1', '1');
INSERT INTO `depart` VALUES ('3', '脱硫车间', '-1', '1', '1', '1');
INSERT INTO `depart` VALUES ('4', '办公楼', null, '1', null, null);
INSERT INTO `depart` VALUES ('5', '办公室', '-4', '1', '4', '4');
INSERT INTO `depart` VALUES ('6', '生产部', '-4', '1', '4', '4');
INSERT INTO `depart` VALUES ('7', '运输部', '-4', '1', '4', '4');
INSERT INTO `depart` VALUES ('8', '制氧厂', null, '1', null, null);
INSERT INTO `depart` VALUES ('9', '一期制氧', '-8', '1', '8', '8');
INSERT INTO `depart` VALUES ('10', '二期制氧', '-8', '1', '8', '8');
INSERT INTO `depart` VALUES ('11', '三期制氧', '-8', '1', '8', '8');
INSERT INTO `depart` VALUES ('12', '四期制氧', '-8', '1', '8', '8');
INSERT INTO `depart` VALUES ('13', '五期制氧', '-8', '1', '8', '8');
INSERT INTO `depart` VALUES ('14', '六期制氧', '-8', '1', '8', '8');
INSERT INTO `depart` VALUES ('15', '七期制氧', '-8', '1', '8', '8');
INSERT INTO `depart` VALUES ('16', '3W制氧', '-8', '1', '8', '8');
INSERT INTO `depart` VALUES ('17', '液体泵', '-8', '1', '8', '8');
INSERT INTO `depart` VALUES ('18', '1250', null, '1', null, null);
INSERT INTO `depart` VALUES ('19', '办公室', '-18', '1', '18', '18');
INSERT INTO `depart` VALUES ('20', '技术科', '-18', '1', '18', '18');
INSERT INTO `depart` VALUES ('21', '设备科', '-18', '1', '18', '18');
INSERT INTO `depart` VALUES ('22', '电气', '-18', '1', '18', '18');
INSERT INTO `depart` VALUES ('23', '三铁厂', null, '1', null, null);
INSERT INTO `depart` VALUES ('24', '电气', '-23', '1', '23', '23');
INSERT INTO `depart` VALUES ('25', '机械', '-23', '1', '23', '23');
INSERT INTO `depart` VALUES ('26', '动力厂', null, '1', null, null);
INSERT INTO `depart` VALUES ('27', '普钢11KV变电站', '-26', '1', '26', '26');
INSERT INTO `depart` VALUES ('28', '中普11KV变电站', '-26', '1', '26', '26');
INSERT INTO `depart` VALUES ('29', '制氧35KV变电站', '-26', '1', '26', '26');
INSERT INTO `depart` VALUES ('30', '普阳35KV变电站', '-26', '1', '26', '26');
INSERT INTO `depart` VALUES ('31', '焦化35KV变电站', '-26', '1', '26', '26');
INSERT INTO `depart` VALUES ('32', '二铁35KV变电站', '-26', '1', '26', '26');
INSERT INTO `depart` VALUES ('33', '一铁35KV变电站', '-26', '1', '26', '26');
INSERT INTO `depart` VALUES ('34', '轧钢35KV变电站', '-26', '1', '26', '26');
INSERT INTO `depart` VALUES ('35', '炼钢35KV变电站', '-26', '1', '26', '26');
INSERT INTO `depart` VALUES ('36', '新区35KV变电站', '-26', '1', '26', '26');
INSERT INTO `depart` VALUES ('37', '新区50MW电厂升压站', '-26', '1', '26', '26');
INSERT INTO `depart` VALUES ('38', '新区25MW电厂升压站', '-26', '1', '26', '26');
INSERT INTO `depart` VALUES ('39', '一期焦炉50MV电厂升压站', '-26', '1', '26', '26');
INSERT INTO `depart` VALUES ('40', '新区35KV开关站', '-26', '1', '26', '26');
INSERT INTO `depart` VALUES ('41', '二期焦炉50MV电厂升压站', '-26', '1', '26', '26');
INSERT INTO `depart` VALUES ('42', '新区70MW电厂升压站', '-26', '1', '26', '26');
INSERT INTO `depart` VALUES ('43', '三铁烧结', null, '1', null, null);
INSERT INTO `depart` VALUES ('44', '180烧结', '-43', '1', '43', '43');
INSERT INTO `depart` VALUES ('45', '265烧结', '-43', '1', '43', '43');
INSERT INTO `depart` VALUES ('46', '普阳炼钢', null, '1', null, null);
INSERT INTO `depart` VALUES ('47', '设备科', '-46', '1', '46', '46');
INSERT INTO `depart` VALUES ('48', '机械', '-46', '1', '46', '46');
INSERT INTO `depart` VALUES ('49', '电气', '-46', '1', '46', '46');
INSERT INTO `depart` VALUES ('50', '天车', '-46', '1', '46', '46');
INSERT INTO `depart` VALUES ('51', '精炼炉', '-46', '1', '46', '46');
INSERT INTO `depart` VALUES ('52', '钢管厂', null, '1', null, null);
INSERT INTO `depart` VALUES ('53', '螺旋工段', '-52', '1', '52', '52');
INSERT INTO `depart` VALUES ('54', '直缝工段', '-52', '1', '52', '52');
INSERT INTO `depart` VALUES ('55', '设备', '-52-53', '1', '53', '52');
INSERT INTO `depart` VALUES ('56', '电气', '-52-53', '1', '53', '52');
INSERT INTO `depart` VALUES ('57', '设备', '-52-54', '1', '54', '52');
INSERT INTO `depart` VALUES ('58', '电气', '-52-54', '1', '54', '52');
INSERT INTO `depart` VALUES ('59', '25MW余热电厂', null, '1', null, null);
INSERT INTO `depart` VALUES ('60', '工艺组', '-59', '1', '59', '59');
INSERT INTO `depart` VALUES ('61', '锅炉', '-59-60', '1', '60', '59');
INSERT INTO `depart` VALUES ('62', '汽轮机', '-59-60', '1', '60', '59');
INSERT INTO `depart` VALUES ('63', '发电机', '-59-60', '1', '60', '59');
INSERT INTO `depart` VALUES ('64', '电仪组', '-59', '1', '59', '59');
INSERT INTO `depart` VALUES ('65', '电气', '-59-64', '1', '64', '59');
INSERT INTO `depart` VALUES ('66', '热控', '-59-64', '1', '64', '59');
INSERT INTO `depart` VALUES ('67', '设备组', '-59', '1', '59', '59');
INSERT INTO `depart` VALUES ('68', '机械', '-59-67', '1', '67', '59');
INSERT INTO `depart` VALUES ('69', '电气', '-59-67', '1', '67', '59');
INSERT INTO `depart` VALUES ('70', '1号50MW电厂', null, '1', null, null);
INSERT INTO `depart` VALUES ('71', '工艺组', '-70', '1', '70', '70');
INSERT INTO `depart` VALUES ('75', '电仪组', '-70', '1', '70', '70');
INSERT INTO `depart` VALUES ('76', '电气', '-70-75', '1', '75', '70');
INSERT INTO `depart` VALUES ('77', '热控', '-70-75', '1', '75', '70');
INSERT INTO `depart` VALUES ('78', '设备组', '-70', '1', '70', '70');
INSERT INTO `depart` VALUES ('79', '电气', '-70-78', '1', '78', '70');
INSERT INTO `depart` VALUES ('80', '机械', '-70-78', '1', '78', '70');
INSERT INTO `depart` VALUES ('81', '一期白灰厂', null, '1', null, null);
INSERT INTO `depart` VALUES ('82', '电气', '-81', '1', '81', '81');
INSERT INTO `depart` VALUES ('83', '仪表', '-81', '1', '81', '81');
INSERT INTO `depart` VALUES ('84', '机械', '-81', '1', '81', '81');
INSERT INTO `depart` VALUES ('85', '气管站', null, '1', null, null);
INSERT INTO `depart` VALUES ('86', '二、三期白灰厂', null, '1', null, null);
INSERT INTO `depart` VALUES ('87', '新区65MW电厂', null, '1', null, null);
INSERT INTO `depart` VALUES ('88', '工艺组', '-87', '1', '87', '87');
INSERT INTO `depart` VALUES ('89', '电仪组', '-87', '1', '87', '87');
INSERT INTO `depart` VALUES ('90', '设备组', '-87', '1', '87', '87');
INSERT INTO `depart` VALUES ('91', '二期中板', null, '2', null, null);
INSERT INTO `depart` VALUES ('92', '机械', '-91', '2', '91', '91');
INSERT INTO `depart` VALUES ('93', '电器', '-91', '2', '91', '91');
INSERT INTO `depart` VALUES ('94', '一期中板', null, '2', null, null);
INSERT INTO `depart` VALUES ('95', '机械', '-94', '2', '94', '94');
INSERT INTO `depart` VALUES ('96', '电器', '-94', '2', '94', '94');
INSERT INTO `depart` VALUES ('97', '中板办公室', null, '2', null, null);
INSERT INTO `depart` VALUES ('98', '常化炉', null, '2', null, null);
INSERT INTO `depart` VALUES ('99', '机械', '-98', '2', '98', '98');
INSERT INTO `depart` VALUES ('100', '电器', '-98', '2', '98', '98');
INSERT INTO `depart` VALUES ('101', '中普炼钢', null, '2', null, null);
INSERT INTO `depart` VALUES ('102', '一号转炉', '-101', '2', '101', '101');
INSERT INTO `depart` VALUES ('103', '新建连铸', '-101', '2', '101', '101');
INSERT INTO `depart` VALUES ('104', '小板坯', '-101', '2', '101', '101');
INSERT INTO `depart` VALUES ('105', '二号转炉', '-101', '2', '101', '101');
INSERT INTO `depart` VALUES ('106', '三号转炉', '-101', '2', '101', '101');
INSERT INTO `depart` VALUES ('107', '三号连铸', '-101', '2', '101', '101');
INSERT INTO `depart` VALUES ('108', '四号连铸', '-101', '2', '101', '101');
INSERT INTO `depart` VALUES ('109', '四号转炉', '-101', '2', '101', '101');
INSERT INTO `depart` VALUES ('110', '新建精炼炉', '-101', '2', '101', '101');
INSERT INTO `depart` VALUES ('111', '80T转炉一次除尘', '-101', '2', '101', '101');
INSERT INTO `depart` VALUES ('112', '中普炼钢天车', '-101', '2', '101', '101');
INSERT INTO `depart` VALUES ('113', '一铁厂', null, '2', null, null);
INSERT INTO `depart` VALUES ('114', '电气', '-113', '2', '113', '113');
INSERT INTO `depart` VALUES ('115', '机械', '-113', '2', '113', '113');
INSERT INTO `depart` VALUES ('116', '中宽带', null, '2', null, null);
INSERT INTO `depart` VALUES ('117', '电仪工段', '-116', '2', '116', '116');
INSERT INTO `depart` VALUES ('118', '维修工段', '-116', '2', '116', '116');
INSERT INTO `depart` VALUES ('119', '天车工段', '-116', '2', '116', '116');
INSERT INTO `depart` VALUES ('120', '3MW余热电厂', null, '2', null, null);
INSERT INTO `depart` VALUES ('121', '工艺组', '-120', '2', '120', '120');
INSERT INTO `depart` VALUES ('122', '电仪组', '-120', '2', '120', '120');
INSERT INTO `depart` VALUES ('123', '设备组', '-120', '2', '120', '120');
INSERT INTO `depart` VALUES ('124', '8MW余热电厂', null, '2', null, null);
INSERT INTO `depart` VALUES ('125', '工艺组', '-124', '2', '124', '124');
INSERT INTO `depart` VALUES ('126', '电仪组', '-124', '2', '124', '124');
INSERT INTO `depart` VALUES ('127', '设备组', '-124', '2', '124', '124');
INSERT INTO `depart` VALUES ('128', '12MW余热电厂', null, '2', null, null);
INSERT INTO `depart` VALUES ('129', '工艺组', '-128', '2', '128', '128');
INSERT INTO `depart` VALUES ('130', '电仪组', '-128', '2', '128', '128');
INSERT INTO `depart` VALUES ('131', '设备组', '-128', '2', '128', '128');
INSERT INTO `depart` VALUES ('132', '15MW电厂', null, '2', null, null);
INSERT INTO `depart` VALUES ('133', '工艺组', '-132', '2', '132', '132');
INSERT INTO `depart` VALUES ('134', '电仪组', '-132', '2', '132', '132');
INSERT INTO `depart` VALUES ('135', '设备组', '-132', '2', '132', '132');
INSERT INTO `depart` VALUES ('136', '3号50MW电厂', null, '2', null, null);
INSERT INTO `depart` VALUES ('137', '工艺组', '-136', '2', '136', '136');
INSERT INTO `depart` VALUES ('138', '电仪组', '-136', '2', '136', '136');
INSERT INTO `depart` VALUES ('139', '设备组', '-136', '2', '136', '136');
INSERT INTO `depart` VALUES ('140', '二铁烧结', null, '2', null, null);
INSERT INTO `depart` VALUES ('141', '脱硫', '-140', '2', '140', '140');
INSERT INTO `depart` VALUES ('142', '仪表', '-140-141', '2', '141', '140');
INSERT INTO `depart` VALUES ('143', '机械', '-140-141', '2', '141', '140');
INSERT INTO `depart` VALUES ('144', '除尘', '-140', '2', '140', '140');
INSERT INTO `depart` VALUES ('145', '280静电', '-140-144', '2', '144', '140');
INSERT INTO `depart` VALUES ('146', '200静电', '-140-144', '2', '144', '140');
INSERT INTO `depart` VALUES ('147', '筛分除尘', '-140-144', '2', '144', '140');
INSERT INTO `depart` VALUES ('148', '6000布袋除尘', '-140-144', '2', '144', '140');
INSERT INTO `depart` VALUES ('149', '烧结', '-140', '2', '140', '140');
INSERT INTO `depart` VALUES ('150', '电气', '-140-149', '2', '149', '140');
INSERT INTO `depart` VALUES ('151', '仪表', '-140-149', '2', '149', '140');
INSERT INTO `depart` VALUES ('152', '机械', '-140-149', '2', '149', '140');
INSERT INTO `depart` VALUES ('153', '天车', '-140', '2', '140', '140');
INSERT INTO `depart` VALUES ('154', '主厂房50T', '-140-153', '2', '153', '140');
INSERT INTO `depart` VALUES ('155', '风机房32T天车', '-140-153', '2', '153', '140');
INSERT INTO `depart` VALUES ('156', '主厂房16T', '-140-153', '2', '153', '140');
INSERT INTO `depart` VALUES ('157', '筛分天车', '-140-153', '2', '153', '140');
INSERT INTO `depart` VALUES ('158', '变频器', '-140', '2', '140', '140');
INSERT INTO `depart` VALUES ('159', '一铁烧结', null, '2', null, null);
INSERT INTO `depart` VALUES ('160', '烧结设备', '-159', '2', '159', '159');
INSERT INTO `depart` VALUES ('161', '电气仪表', '-159-160', '2', '160', '159');
INSERT INTO `depart` VALUES ('162', '机械', '-159-160', '2', '160', '159');
INSERT INTO `depart` VALUES ('163', '天车', '-159', '2', '159', '159');
INSERT INTO `depart` VALUES ('164', '主机天车', '-159-163', '2', '163', '159');
INSERT INTO `depart` VALUES ('165', '风机房天车', '-159-163', '2', '163', '159');
INSERT INTO `depart` VALUES ('166', '筛粉天车', '-159-163', '2', '163', '159');
INSERT INTO `depart` VALUES ('167', '变频器', '-159', '2', '159', '159');
INSERT INTO `depart` VALUES ('168', '脱硫设备', '-159', '2', '159', '159');
INSERT INTO `depart` VALUES ('169', '二铁厂', null, '2', null, null);
INSERT INTO `depart` VALUES ('170', '机械', '-169', '2', '169', '169');
INSERT INTO `depart` VALUES ('171', '电器', '-169', '2', '169', '169');
INSERT INTO `depart` VALUES ('172', '热风炉', '-169', '2', '169', '169');
INSERT INTO `depart` VALUES ('173', '高炉本体', '-169', '2', '169', '169');
INSERT INTO `depart` VALUES ('174', '粒化器', '-169', '2', '169', '169');
INSERT INTO `depart` VALUES ('175', '二铁265烧结余热电厂', null, '2', null, null);
INSERT INTO `depart` VALUES ('176', '工艺组', '-175', '2', '175', '175');
INSERT INTO `depart` VALUES ('177', '电仪组', '-175', '2', '175', '175');
INSERT INTO `depart` VALUES ('178', '设备组', '-175', '2', '175', '175');
INSERT INTO `depart` VALUES ('179', '四期白灰', null, '2', null, null);
INSERT INTO `depart` VALUES ('180', '洗煤厂', '-179', '2', '179', '179');
INSERT INTO `depart` VALUES ('181', '2号50MW', null, '3', null, null);
INSERT INTO `depart` VALUES ('182', '工艺组', '-181', '3', '181', '181');
INSERT INTO `depart` VALUES ('183', '电仪组', '-181', '3', '181', '181');
INSERT INTO `depart` VALUES ('184', '设备组', '-181', '3', '181', '181');
INSERT INTO `depart` VALUES ('185', '焦化厂', null, '3', null, null);
INSERT INTO `depart` VALUES ('186', '电气仪表', '-185', '3', '185', '185');
INSERT INTO `depart` VALUES ('187', '机械设备', '-185', '3', '185', '185');
INSERT INTO `depart` VALUES ('188', '工艺', '-185', '3', '185', '185');
INSERT INTO `depart` VALUES ('189', '水泵资料', '-185', '3', '185', '185');
INSERT INTO `depart` VALUES ('190', '质管部', '-4', '1', '4', '4');
INSERT INTO `depart` VALUES ('191', '供应部', '-4', '1', '4', '4');
INSERT INTO `depart` VALUES ('192', '销售部', '-4', '1', '4', '4');
INSERT INTO `depart` VALUES ('193', '安监部', '-4', '1', '4', '4');
INSERT INTO `depart` VALUES ('194', '机修厂', null, '2', null, null);
INSERT INTO `depart` VALUES ('195', '高线厂', null, '1', null, null);
INSERT INTO `depart` VALUES ('196', '二钢厂', null, '1', null, null);
INSERT INTO `depart` VALUES ('197', '能源部', '-4', '1', '4', '4');
INSERT INTO `depart` VALUES ('198', '仪表', '-1', '1', '1', '1');
INSERT INTO `depart` VALUES ('199', '计量室', '-4-197', '1', '197', '4');
INSERT INTO `depart` VALUES ('200', '仪表', '-8', '1', '8', '8');
INSERT INTO `depart` VALUES ('204', '仪表', '-91-93', '2', '93', '91');
INSERT INTO `depart` VALUES ('205', '仪表', '-94-96', '2', '96', '94');
INSERT INTO `depart` VALUES ('206', '仪表', '-94', '2', '94', '94');
INSERT INTO `depart` VALUES ('207', '仪表', '-98', '2', '98', '98');
INSERT INTO `depart` VALUES ('208', '仪表', '-101', '2', '101', '101');
INSERT INTO `depart` VALUES ('209', '仪表', '-26-42', '1', '42', '26');
INSERT INTO `depart` VALUES ('210', '仪表', '-26', '1', '26', '26');
INSERT INTO `depart` VALUES ('211', '仪表', '-26', '1', '26', '26');
INSERT INTO `depart` VALUES ('212', '仪表', '-43-44', '1', '44', '43');
INSERT INTO `depart` VALUES ('213', '仪表', '-43-45', '1', '45', '43');
INSERT INTO `depart` VALUES ('214', '仪表', '-52', '1', '52', '52');
INSERT INTO `depart` VALUES ('215', '仪表', '-86', '1', '86', '86');
INSERT INTO `depart` VALUES ('216', '仪表', '-113', '2', '113', '113');
INSERT INTO `depart` VALUES ('217', '仪表', '-140', '2', '140', '140');
INSERT INTO `depart` VALUES ('218', '仪表', '-159', '2', '159', '159');
INSERT INTO `depart` VALUES ('219', '仪表', '-169', '2', '169', '169');
INSERT INTO `depart` VALUES ('220', '仪表', '-179-180', '2', '180', '179');

-- ----------------------------
-- Table structure for dpt_num
-- ----------------------------
DROP TABLE IF EXISTS `dpt_num`;
CREATE TABLE `dpt_num` (
  `depart` int(11) NOT NULL,
  `num` int(2) unsigned zerofill NOT NULL
) ENGINE=InnoDB DEFAULT CHARSET=utf8;

-- ----------------------------
-- Records of dpt_num
-- ----------------------------
INSERT INTO `dpt_num` VALUES ('8', '08');
INSERT INTO `dpt_num` VALUES ('169', '09');
INSERT INTO `dpt_num` VALUES ('46', '11');
INSERT INTO `dpt_num` VALUES ('101', '11');
INSERT INTO `dpt_num` VALUES ('91', '12');
INSERT INTO `dpt_num` VALUES ('94', '12');
INSERT INTO `dpt_num` VALUES ('116', '13');
INSERT INTO `dpt_num` VALUES ('52', '14');
INSERT INTO `dpt_num` VALUES ('43', '16');
INSERT INTO `dpt_num` VALUES ('140', '16');
INSERT INTO `dpt_num` VALUES ('59', '17');
INSERT INTO `dpt_num` VALUES ('70', '17');
INSERT INTO `dpt_num` VALUES ('87', '17');
INSERT INTO `dpt_num` VALUES ('120', '17');
INSERT INTO `dpt_num` VALUES ('124', '17');
INSERT INTO `dpt_num` VALUES ('128', '17');
INSERT INTO `dpt_num` VALUES ('132', '17');
INSERT INTO `dpt_num` VALUES ('136', '17');
INSERT INTO `dpt_num` VALUES ('175', '17');
INSERT INTO `dpt_num` VALUES ('23', '18');
INSERT INTO `dpt_num` VALUES ('194', '19');
INSERT INTO `dpt_num` VALUES ('195', '20');
INSERT INTO `dpt_num` VALUES ('18', '21');
INSERT INTO `dpt_num` VALUES ('196', '22');
INSERT INTO `dpt_num` VALUES ('26', '23');
INSERT INTO `dpt_num` VALUES ('81', '24');
INSERT INTO `dpt_num` VALUES ('86', '24');
INSERT INTO `dpt_num` VALUES ('179', '24');
INSERT INTO `dpt_num` VALUES ('1', '25');
INSERT INTO `dpt_num` VALUES ('185', '26');
INSERT INTO `dpt_num` VALUES ('180', '27');
INSERT INTO `dpt_num` VALUES ('197', '30');

-- ----------------------------
-- Table structure for inspstd
-- ----------------------------
DROP TABLE IF EXISTS `inspstd`;
CREATE TABLE `inspstd` (
  `id` int(11) NOT NULL AUTO_INCREMENT,
  `devid` int(11) NOT NULL,
  `iden` varchar(20) NOT NULL,
  `info` varchar(255) NOT NULL,
  PRIMARY KEY (`id`)
) ENGINE=InnoDB AUTO_INCREMENT=4 DEFAULT CHARSET=utf8;

-- ----------------------------
-- Records of inspstd
-- ----------------------------
INSERT INTO `inspstd` VALUES ('1', '45', '查看新鲜程度、腐烂程度', '主要查看水果是否有坏的，是否新鲜，还需要查看是否需要补货，腐烂的水果需要丢弃。');
INSERT INTO `inspstd` VALUES ('2', '85', '查看蔬菜是否摆放整齐', '查看蔬菜是否摆放整齐，是否需要补货');
INSERT INTO `inspstd` VALUES ('3', '45', '查看草莓是否新鲜', '草莓比较容易腐烂');

-- ----------------------------
-- Table structure for install
-- ----------------------------
DROP TABLE IF EXISTS `install`;
CREATE TABLE `install` (
  `id` int(11) NOT NULL AUTO_INCREMENT,
  `devid` int(11) NOT NULL,
  `tech` varchar(250) DEFAULT NULL,
  `info` varchar(250) DEFAULT NULL,
  `res` varchar(250) DEFAULT NULL,
  `runinfo` varchar(255) DEFAULT NULL,
  PRIMARY KEY (`id`)
) ENGINE=InnoDB AUTO_INCREMENT=5 DEFAULT CHARSET=utf8;

-- ----------------------------
-- Records of install
-- ----------------------------
INSERT INTO `install` VALUES ('1', '715', '技术参数', '安装情况', '结论', null);
INSERT INTO `install` VALUES ('2', '716', '技术参数', '安装情况', '结论', null);
INSERT INTO `install` VALUES ('3', '722', '技术参数', '安装情况', '结论', '运行情况');
INSERT INTO `install` VALUES ('4', '717', '技术参数', '安装地点', '结论', '运行状况');

-- ----------------------------
-- Table structure for repair
-- ----------------------------
DROP TABLE IF EXISTS `repair`;
CREATE TABLE `repair` (
  `id` int(11) NOT NULL AUTO_INCREMENT,
  `devid` int(11) NOT NULL,
  `device` varchar(200) DEFAULT NULL,
  `repair` varchar(200) DEFAULT NULL,
  `surface` varchar(255) DEFAULT NULL,
  `user` int(11) DEFAULT NULL,
  `time` date DEFAULT NULL,
  PRIMARY KEY (`id`)
) ENGINE=InnoDB AUTO_INCREMENT=5 DEFAULT CHARSET=utf8;

-- ----------------------------
-- Records of repair
-- ----------------------------
INSERT INTO `repair` VALUES ('2', '591', '设备状况', '维护调整情况', '维护调整情况', '47', '2017-07-28');
INSERT INTO `repair` VALUES ('3', '671', '设备状况', '维护调整情况', '外观腐蚀情况', '47', '2017-07-29');
INSERT INTO `repair` VALUES ('4', '549', '设备状况', '维护调整', '外观腐蚀', '47', '2017-08-08');

-- ----------------------------
-- Table structure for staff_func
-- ----------------------------
DROP TABLE IF EXISTS `staff_func`;
CREATE TABLE `staff_func` (
  `id` mediumint(11) NOT NULL AUTO_INCREMENT,
  `title` varchar(20) NOT NULL,
  PRIMARY KEY (`id`)
) ENGINE=InnoDB AUTO_INCREMENT=15 DEFAULT CHARSET=utf8;

-- ----------------------------
-- Records of staff_func
-- ----------------------------
INSERT INTO `staff_func` VALUES ('1', '信息修改');
INSERT INTO `staff_func` VALUES ('2', '信息删除');
INSERT INTO `staff_func` VALUES ('4', '属性浏览');
INSERT INTO `staff_func` VALUES ('5', '属性增删改');
INSERT INTO `staff_func` VALUES ('6', '备件审核');
INSERT INTO `staff_func` VALUES ('7', '入厂检定');
INSERT INTO `staff_func` VALUES ('8', '入账存库');
INSERT INTO `staff_func` VALUES ('9', '查询库存');
INSERT INTO `staff_func` VALUES ('10', '用户管理');
INSERT INTO `staff_func` VALUES ('11', '部门管理');
INSERT INTO `staff_func` VALUES ('12', '角色管理');
INSERT INTO `staff_func` VALUES ('13', '用户归类');
INSERT INTO `staff_func` VALUES ('14', '仪表申报浏览');

-- ----------------------------
-- Table structure for staff_role
-- ----------------------------
DROP TABLE IF EXISTS `staff_role`;
CREATE TABLE `staff_role` (
  `id` mediumint(9) NOT NULL AUTO_INCREMENT,
  `title` varchar(20) NOT NULL,
  PRIMARY KEY (`id`)
) ENGINE=InnoDB AUTO_INCREMENT=9 DEFAULT CHARSET=utf8;

-- ----------------------------
-- Records of staff_role
-- ----------------------------
INSERT INTO `staff_role` VALUES ('2', '系统管理员');
INSERT INTO `staff_role` VALUES ('3', '计量室');
INSERT INTO `staff_role` VALUES ('4', '仪表系统管理');
INSERT INTO `staff_role` VALUES ('5', '仪表使用');
INSERT INTO `staff_role` VALUES ('6', '仪表仓库');
INSERT INTO `staff_role` VALUES ('7', '用户角色归类');
INSERT INTO `staff_role` VALUES ('8', '仪表申报浏览');

-- ----------------------------
-- Table structure for staff_role_func
-- ----------------------------
DROP TABLE IF EXISTS `staff_role_func`;
CREATE TABLE `staff_role_func` (
  `rid` mediumint(11) NOT NULL,
  `fid` mediumint(11) NOT NULL,
  KEY `rid` (`rid`),
  CONSTRAINT `staff_role_func_ibfk_1` FOREIGN KEY (`rid`) REFERENCES `staff_role` (`id`) ON DELETE CASCADE
) ENGINE=InnoDB DEFAULT CHARSET=utf8;

-- ----------------------------
-- Records of staff_role_func
-- ----------------------------
INSERT INTO `staff_role_func` VALUES ('2', '1');
INSERT INTO `staff_role_func` VALUES ('2', '2');
INSERT INTO `staff_role_func` VALUES ('2', '4');
INSERT INTO `staff_role_func` VALUES ('2', '5');
INSERT INTO `staff_role_func` VALUES ('2', '6');
INSERT INTO `staff_role_func` VALUES ('2', '7');
INSERT INTO `staff_role_func` VALUES ('2', '8');
INSERT INTO `staff_role_func` VALUES ('2', '9');
INSERT INTO `staff_role_func` VALUES ('2', '10');
INSERT INTO `staff_role_func` VALUES ('2', '11');
INSERT INTO `staff_role_func` VALUES ('2', '12');
INSERT INTO `staff_role_func` VALUES ('3', '1');
INSERT INTO `staff_role_func` VALUES ('3', '2');
INSERT INTO `staff_role_func` VALUES ('3', '7');
INSERT INTO `staff_role_func` VALUES ('3', '10');
INSERT INTO `staff_role_func` VALUES ('3', '11');
INSERT INTO `staff_role_func` VALUES ('4', '1');
INSERT INTO `staff_role_func` VALUES ('4', '2');
INSERT INTO `staff_role_func` VALUES ('4', '4');
INSERT INTO `staff_role_func` VALUES ('4', '5');
INSERT INTO `staff_role_func` VALUES ('4', '6');
INSERT INTO `staff_role_func` VALUES ('4', '7');
INSERT INTO `staff_role_func` VALUES ('4', '9');
INSERT INTO `staff_role_func` VALUES ('4', '10');
INSERT INTO `staff_role_func` VALUES ('4', '11');
INSERT INTO `staff_role_func` VALUES ('6', '8');
INSERT INTO `staff_role_func` VALUES ('6', '9');
INSERT INTO `staff_role_func` VALUES ('7', '13');
INSERT INTO `staff_role_func` VALUES ('8', '14');
INSERT INTO `staff_role_func` VALUES ('5', '1');
INSERT INTO `staff_role_func` VALUES ('5', '2');
INSERT INTO `staff_role_func` VALUES ('5', '9');

-- ----------------------------
-- Table structure for staff_user_dpt
-- ----------------------------
DROP TABLE IF EXISTS `staff_user_dpt`;
CREATE TABLE `staff_user_dpt` (
  `uid` int(11) NOT NULL,
  `dptid` int(11) NOT NULL,
  KEY `uid` (`uid`),
  KEY `dptid` (`dptid`),
  CONSTRAINT `staff_user_dpt_ibfk_1` FOREIGN KEY (`uid`) REFERENCES `user` (`id`) ON DELETE CASCADE ON UPDATE CASCADE,
  CONSTRAINT `staff_user_dpt_ibfk_2` FOREIGN KEY (`dptid`) REFERENCES `depart` (`id`) ON DELETE CASCADE ON UPDATE CASCADE
) ENGINE=InnoDB DEFAULT CHARSET=utf8;

-- ----------------------------
-- Records of staff_user_dpt
-- ----------------------------
INSERT INTO `staff_user_dpt` VALUES ('10', '1');
INSERT INTO `staff_user_dpt` VALUES ('10', '2');
INSERT INTO `staff_user_dpt` VALUES ('10', '3');
INSERT INTO `staff_user_dpt` VALUES ('10', '198');
INSERT INTO `staff_user_dpt` VALUES ('10', '4');
INSERT INTO `staff_user_dpt` VALUES ('10', '5');
INSERT INTO `staff_user_dpt` VALUES ('10', '6');
INSERT INTO `staff_user_dpt` VALUES ('10', '7');
INSERT INTO `staff_user_dpt` VALUES ('10', '190');
INSERT INTO `staff_user_dpt` VALUES ('10', '191');
INSERT INTO `staff_user_dpt` VALUES ('10', '192');
INSERT INTO `staff_user_dpt` VALUES ('10', '193');
INSERT INTO `staff_user_dpt` VALUES ('10', '197');
INSERT INTO `staff_user_dpt` VALUES ('10', '199');
INSERT INTO `staff_user_dpt` VALUES ('10', '8');
INSERT INTO `staff_user_dpt` VALUES ('10', '9');
INSERT INTO `staff_user_dpt` VALUES ('10', '10');
INSERT INTO `staff_user_dpt` VALUES ('10', '11');
INSERT INTO `staff_user_dpt` VALUES ('10', '12');
INSERT INTO `staff_user_dpt` VALUES ('10', '13');
INSERT INTO `staff_user_dpt` VALUES ('10', '14');
INSERT INTO `staff_user_dpt` VALUES ('10', '15');
INSERT INTO `staff_user_dpt` VALUES ('10', '16');
INSERT INTO `staff_user_dpt` VALUES ('10', '17');
INSERT INTO `staff_user_dpt` VALUES ('10', '200');
INSERT INTO `staff_user_dpt` VALUES ('10', '18');
INSERT INTO `staff_user_dpt` VALUES ('10', '19');
INSERT INTO `staff_user_dpt` VALUES ('10', '20');
INSERT INTO `staff_user_dpt` VALUES ('10', '21');
INSERT INTO `staff_user_dpt` VALUES ('10', '22');
INSERT INTO `staff_user_dpt` VALUES ('10', '23');
INSERT INTO `staff_user_dpt` VALUES ('10', '24');
INSERT INTO `staff_user_dpt` VALUES ('10', '25');
INSERT INTO `staff_user_dpt` VALUES ('10', '26');
INSERT INTO `staff_user_dpt` VALUES ('10', '27');
INSERT INTO `staff_user_dpt` VALUES ('10', '28');
INSERT INTO `staff_user_dpt` VALUES ('10', '29');
INSERT INTO `staff_user_dpt` VALUES ('10', '30');
INSERT INTO `staff_user_dpt` VALUES ('10', '31');
INSERT INTO `staff_user_dpt` VALUES ('10', '32');
INSERT INTO `staff_user_dpt` VALUES ('10', '33');
INSERT INTO `staff_user_dpt` VALUES ('10', '34');
INSERT INTO `staff_user_dpt` VALUES ('10', '35');
INSERT INTO `staff_user_dpt` VALUES ('10', '36');
INSERT INTO `staff_user_dpt` VALUES ('10', '37');
INSERT INTO `staff_user_dpt` VALUES ('10', '38');
INSERT INTO `staff_user_dpt` VALUES ('10', '39');
INSERT INTO `staff_user_dpt` VALUES ('10', '40');
INSERT INTO `staff_user_dpt` VALUES ('10', '41');
INSERT INTO `staff_user_dpt` VALUES ('10', '42');
INSERT INTO `staff_user_dpt` VALUES ('10', '43');
INSERT INTO `staff_user_dpt` VALUES ('10', '44');
INSERT INTO `staff_user_dpt` VALUES ('10', '45');
INSERT INTO `staff_user_dpt` VALUES ('10', '46');
INSERT INTO `staff_user_dpt` VALUES ('10', '47');
INSERT INTO `staff_user_dpt` VALUES ('10', '48');
INSERT INTO `staff_user_dpt` VALUES ('10', '49');
INSERT INTO `staff_user_dpt` VALUES ('10', '50');
INSERT INTO `staff_user_dpt` VALUES ('10', '51');
INSERT INTO `staff_user_dpt` VALUES ('10', '52');
INSERT INTO `staff_user_dpt` VALUES ('10', '53');
INSERT INTO `staff_user_dpt` VALUES ('10', '55');
INSERT INTO `staff_user_dpt` VALUES ('10', '56');
INSERT INTO `staff_user_dpt` VALUES ('10', '54');
INSERT INTO `staff_user_dpt` VALUES ('10', '57');
INSERT INTO `staff_user_dpt` VALUES ('10', '58');
INSERT INTO `staff_user_dpt` VALUES ('10', '59');
INSERT INTO `staff_user_dpt` VALUES ('10', '60');
INSERT INTO `staff_user_dpt` VALUES ('10', '61');
INSERT INTO `staff_user_dpt` VALUES ('10', '62');
INSERT INTO `staff_user_dpt` VALUES ('10', '63');
INSERT INTO `staff_user_dpt` VALUES ('10', '64');
INSERT INTO `staff_user_dpt` VALUES ('10', '65');
INSERT INTO `staff_user_dpt` VALUES ('10', '66');
INSERT INTO `staff_user_dpt` VALUES ('10', '67');
INSERT INTO `staff_user_dpt` VALUES ('10', '68');
INSERT INTO `staff_user_dpt` VALUES ('10', '69');
INSERT INTO `staff_user_dpt` VALUES ('10', '70');
INSERT INTO `staff_user_dpt` VALUES ('10', '71');
INSERT INTO `staff_user_dpt` VALUES ('10', '75');
INSERT INTO `staff_user_dpt` VALUES ('10', '76');
INSERT INTO `staff_user_dpt` VALUES ('10', '77');
INSERT INTO `staff_user_dpt` VALUES ('10', '78');
INSERT INTO `staff_user_dpt` VALUES ('10', '79');
INSERT INTO `staff_user_dpt` VALUES ('10', '80');
INSERT INTO `staff_user_dpt` VALUES ('10', '81');
INSERT INTO `staff_user_dpt` VALUES ('10', '82');
INSERT INTO `staff_user_dpt` VALUES ('10', '83');
INSERT INTO `staff_user_dpt` VALUES ('10', '84');
INSERT INTO `staff_user_dpt` VALUES ('10', '85');
INSERT INTO `staff_user_dpt` VALUES ('10', '86');
INSERT INTO `staff_user_dpt` VALUES ('10', '87');
INSERT INTO `staff_user_dpt` VALUES ('10', '88');
INSERT INTO `staff_user_dpt` VALUES ('10', '89');
INSERT INTO `staff_user_dpt` VALUES ('10', '90');
INSERT INTO `staff_user_dpt` VALUES ('10', '91');
INSERT INTO `staff_user_dpt` VALUES ('10', '92');
INSERT INTO `staff_user_dpt` VALUES ('10', '93');
INSERT INTO `staff_user_dpt` VALUES ('10', '94');
INSERT INTO `staff_user_dpt` VALUES ('10', '95');
INSERT INTO `staff_user_dpt` VALUES ('10', '96');
INSERT INTO `staff_user_dpt` VALUES ('10', '97');
INSERT INTO `staff_user_dpt` VALUES ('10', '98');
INSERT INTO `staff_user_dpt` VALUES ('10', '99');
INSERT INTO `staff_user_dpt` VALUES ('10', '100');
INSERT INTO `staff_user_dpt` VALUES ('10', '101');
INSERT INTO `staff_user_dpt` VALUES ('10', '102');
INSERT INTO `staff_user_dpt` VALUES ('10', '103');
INSERT INTO `staff_user_dpt` VALUES ('10', '104');
INSERT INTO `staff_user_dpt` VALUES ('10', '105');
INSERT INTO `staff_user_dpt` VALUES ('10', '106');
INSERT INTO `staff_user_dpt` VALUES ('10', '107');
INSERT INTO `staff_user_dpt` VALUES ('10', '108');
INSERT INTO `staff_user_dpt` VALUES ('10', '109');
INSERT INTO `staff_user_dpt` VALUES ('10', '110');
INSERT INTO `staff_user_dpt` VALUES ('10', '111');
INSERT INTO `staff_user_dpt` VALUES ('10', '112');
INSERT INTO `staff_user_dpt` VALUES ('10', '113');
INSERT INTO `staff_user_dpt` VALUES ('10', '114');
INSERT INTO `staff_user_dpt` VALUES ('10', '115');
INSERT INTO `staff_user_dpt` VALUES ('10', '116');
INSERT INTO `staff_user_dpt` VALUES ('10', '117');
INSERT INTO `staff_user_dpt` VALUES ('10', '118');
INSERT INTO `staff_user_dpt` VALUES ('10', '119');
INSERT INTO `staff_user_dpt` VALUES ('10', '120');
INSERT INTO `staff_user_dpt` VALUES ('10', '121');
INSERT INTO `staff_user_dpt` VALUES ('10', '122');
INSERT INTO `staff_user_dpt` VALUES ('10', '123');
INSERT INTO `staff_user_dpt` VALUES ('10', '124');
INSERT INTO `staff_user_dpt` VALUES ('10', '125');
INSERT INTO `staff_user_dpt` VALUES ('10', '126');
INSERT INTO `staff_user_dpt` VALUES ('10', '127');
INSERT INTO `staff_user_dpt` VALUES ('10', '128');
INSERT INTO `staff_user_dpt` VALUES ('10', '129');
INSERT INTO `staff_user_dpt` VALUES ('10', '130');
INSERT INTO `staff_user_dpt` VALUES ('10', '131');
INSERT INTO `staff_user_dpt` VALUES ('10', '132');
INSERT INTO `staff_user_dpt` VALUES ('10', '133');
INSERT INTO `staff_user_dpt` VALUES ('10', '134');
INSERT INTO `staff_user_dpt` VALUES ('10', '135');
INSERT INTO `staff_user_dpt` VALUES ('10', '136');
INSERT INTO `staff_user_dpt` VALUES ('10', '137');
INSERT INTO `staff_user_dpt` VALUES ('10', '138');
INSERT INTO `staff_user_dpt` VALUES ('10', '139');
INSERT INTO `staff_user_dpt` VALUES ('10', '140');
INSERT INTO `staff_user_dpt` VALUES ('10', '141');
INSERT INTO `staff_user_dpt` VALUES ('10', '142');
INSERT INTO `staff_user_dpt` VALUES ('10', '143');
INSERT INTO `staff_user_dpt` VALUES ('10', '144');
INSERT INTO `staff_user_dpt` VALUES ('10', '145');
INSERT INTO `staff_user_dpt` VALUES ('10', '146');
INSERT INTO `staff_user_dpt` VALUES ('10', '147');
INSERT INTO `staff_user_dpt` VALUES ('10', '148');
INSERT INTO `staff_user_dpt` VALUES ('10', '149');
INSERT INTO `staff_user_dpt` VALUES ('10', '150');
INSERT INTO `staff_user_dpt` VALUES ('10', '151');
INSERT INTO `staff_user_dpt` VALUES ('10', '152');
INSERT INTO `staff_user_dpt` VALUES ('10', '153');
INSERT INTO `staff_user_dpt` VALUES ('10', '154');
INSERT INTO `staff_user_dpt` VALUES ('10', '155');
INSERT INTO `staff_user_dpt` VALUES ('10', '156');
INSERT INTO `staff_user_dpt` VALUES ('10', '157');
INSERT INTO `staff_user_dpt` VALUES ('10', '158');
INSERT INTO `staff_user_dpt` VALUES ('10', '159');
INSERT INTO `staff_user_dpt` VALUES ('10', '160');
INSERT INTO `staff_user_dpt` VALUES ('10', '161');
INSERT INTO `staff_user_dpt` VALUES ('10', '162');
INSERT INTO `staff_user_dpt` VALUES ('10', '163');
INSERT INTO `staff_user_dpt` VALUES ('10', '164');
INSERT INTO `staff_user_dpt` VALUES ('10', '165');
INSERT INTO `staff_user_dpt` VALUES ('10', '166');
INSERT INTO `staff_user_dpt` VALUES ('10', '167');
INSERT INTO `staff_user_dpt` VALUES ('10', '168');
INSERT INTO `staff_user_dpt` VALUES ('10', '169');
INSERT INTO `staff_user_dpt` VALUES ('10', '170');
INSERT INTO `staff_user_dpt` VALUES ('10', '171');
INSERT INTO `staff_user_dpt` VALUES ('10', '172');
INSERT INTO `staff_user_dpt` VALUES ('10', '173');
INSERT INTO `staff_user_dpt` VALUES ('10', '174');
INSERT INTO `staff_user_dpt` VALUES ('10', '175');
INSERT INTO `staff_user_dpt` VALUES ('10', '176');
INSERT INTO `staff_user_dpt` VALUES ('10', '177');
INSERT INTO `staff_user_dpt` VALUES ('10', '178');
INSERT INTO `staff_user_dpt` VALUES ('10', '179');
INSERT INTO `staff_user_dpt` VALUES ('10', '180');
INSERT INTO `staff_user_dpt` VALUES ('10', '181');
INSERT INTO `staff_user_dpt` VALUES ('10', '182');
INSERT INTO `staff_user_dpt` VALUES ('10', '183');
INSERT INTO `staff_user_dpt` VALUES ('10', '184');
INSERT INTO `staff_user_dpt` VALUES ('10', '185');
INSERT INTO `staff_user_dpt` VALUES ('10', '186');
INSERT INTO `staff_user_dpt` VALUES ('10', '187');
INSERT INTO `staff_user_dpt` VALUES ('10', '188');
INSERT INTO `staff_user_dpt` VALUES ('10', '189');
INSERT INTO `staff_user_dpt` VALUES ('10', '194');
INSERT INTO `staff_user_dpt` VALUES ('10', '195');
INSERT INTO `staff_user_dpt` VALUES ('10', '196');
INSERT INTO `staff_user_dpt` VALUES ('34', '204');
INSERT INTO `staff_user_dpt` VALUES ('36', '216');
INSERT INTO `staff_user_dpt` VALUES ('37', '117');
INSERT INTO `staff_user_dpt` VALUES ('35', '83');
INSERT INTO `staff_user_dpt` VALUES ('35', '215');
INSERT INTO `staff_user_dpt` VALUES ('35', '179');
INSERT INTO `staff_user_dpt` VALUES ('33', '198');
INSERT INTO `staff_user_dpt` VALUES ('33', '199');
INSERT INTO `staff_user_dpt` VALUES ('33', '8');
INSERT INTO `staff_user_dpt` VALUES ('33', '9');
INSERT INTO `staff_user_dpt` VALUES ('33', '10');
INSERT INTO `staff_user_dpt` VALUES ('33', '11');
INSERT INTO `staff_user_dpt` VALUES ('33', '12');
INSERT INTO `staff_user_dpt` VALUES ('33', '13');
INSERT INTO `staff_user_dpt` VALUES ('33', '14');
INSERT INTO `staff_user_dpt` VALUES ('33', '15');
INSERT INTO `staff_user_dpt` VALUES ('33', '16');
INSERT INTO `staff_user_dpt` VALUES ('33', '17');
INSERT INTO `staff_user_dpt` VALUES ('33', '200');
INSERT INTO `staff_user_dpt` VALUES ('33', '18');
INSERT INTO `staff_user_dpt` VALUES ('33', '19');
INSERT INTO `staff_user_dpt` VALUES ('33', '20');
INSERT INTO `staff_user_dpt` VALUES ('33', '21');
INSERT INTO `staff_user_dpt` VALUES ('33', '22');
INSERT INTO `staff_user_dpt` VALUES ('33', '23');
INSERT INTO `staff_user_dpt` VALUES ('33', '24');
INSERT INTO `staff_user_dpt` VALUES ('33', '25');
INSERT INTO `staff_user_dpt` VALUES ('33', '26');
INSERT INTO `staff_user_dpt` VALUES ('33', '27');
INSERT INTO `staff_user_dpt` VALUES ('33', '28');
INSERT INTO `staff_user_dpt` VALUES ('33', '29');
INSERT INTO `staff_user_dpt` VALUES ('33', '30');
INSERT INTO `staff_user_dpt` VALUES ('33', '31');
INSERT INTO `staff_user_dpt` VALUES ('33', '32');
INSERT INTO `staff_user_dpt` VALUES ('33', '33');
INSERT INTO `staff_user_dpt` VALUES ('33', '34');
INSERT INTO `staff_user_dpt` VALUES ('33', '35');
INSERT INTO `staff_user_dpt` VALUES ('33', '36');
INSERT INTO `staff_user_dpt` VALUES ('33', '37');
INSERT INTO `staff_user_dpt` VALUES ('33', '38');
INSERT INTO `staff_user_dpt` VALUES ('33', '39');
INSERT INTO `staff_user_dpt` VALUES ('33', '40');
INSERT INTO `staff_user_dpt` VALUES ('33', '41');
INSERT INTO `staff_user_dpt` VALUES ('33', '42');
INSERT INTO `staff_user_dpt` VALUES ('33', '209');
INSERT INTO `staff_user_dpt` VALUES ('33', '210');
INSERT INTO `staff_user_dpt` VALUES ('33', '211');
INSERT INTO `staff_user_dpt` VALUES ('33', '43');
INSERT INTO `staff_user_dpt` VALUES ('33', '44');
INSERT INTO `staff_user_dpt` VALUES ('33', '212');
INSERT INTO `staff_user_dpt` VALUES ('33', '45');
INSERT INTO `staff_user_dpt` VALUES ('33', '213');
INSERT INTO `staff_user_dpt` VALUES ('33', '46');
INSERT INTO `staff_user_dpt` VALUES ('33', '47');
INSERT INTO `staff_user_dpt` VALUES ('33', '48');
INSERT INTO `staff_user_dpt` VALUES ('33', '49');
INSERT INTO `staff_user_dpt` VALUES ('33', '50');
INSERT INTO `staff_user_dpt` VALUES ('33', '51');
INSERT INTO `staff_user_dpt` VALUES ('33', '52');
INSERT INTO `staff_user_dpt` VALUES ('33', '53');
INSERT INTO `staff_user_dpt` VALUES ('33', '55');
INSERT INTO `staff_user_dpt` VALUES ('33', '56');
INSERT INTO `staff_user_dpt` VALUES ('33', '54');
INSERT INTO `staff_user_dpt` VALUES ('33', '57');
INSERT INTO `staff_user_dpt` VALUES ('33', '58');
INSERT INTO `staff_user_dpt` VALUES ('33', '214');
INSERT INTO `staff_user_dpt` VALUES ('33', '59');
INSERT INTO `staff_user_dpt` VALUES ('33', '60');
INSERT INTO `staff_user_dpt` VALUES ('33', '61');
INSERT INTO `staff_user_dpt` VALUES ('33', '62');
INSERT INTO `staff_user_dpt` VALUES ('33', '63');
INSERT INTO `staff_user_dpt` VALUES ('33', '64');
INSERT INTO `staff_user_dpt` VALUES ('33', '65');
INSERT INTO `staff_user_dpt` VALUES ('33', '66');
INSERT INTO `staff_user_dpt` VALUES ('33', '67');
INSERT INTO `staff_user_dpt` VALUES ('33', '68');
INSERT INTO `staff_user_dpt` VALUES ('33', '69');
INSERT INTO `staff_user_dpt` VALUES ('33', '70');
INSERT INTO `staff_user_dpt` VALUES ('33', '71');
INSERT INTO `staff_user_dpt` VALUES ('33', '75');
INSERT INTO `staff_user_dpt` VALUES ('33', '76');
INSERT INTO `staff_user_dpt` VALUES ('33', '77');
INSERT INTO `staff_user_dpt` VALUES ('33', '78');
INSERT INTO `staff_user_dpt` VALUES ('33', '79');
INSERT INTO `staff_user_dpt` VALUES ('33', '80');
INSERT INTO `staff_user_dpt` VALUES ('33', '81');
INSERT INTO `staff_user_dpt` VALUES ('33', '82');
INSERT INTO `staff_user_dpt` VALUES ('33', '83');
INSERT INTO `staff_user_dpt` VALUES ('33', '84');
INSERT INTO `staff_user_dpt` VALUES ('33', '85');
INSERT INTO `staff_user_dpt` VALUES ('33', '86');
INSERT INTO `staff_user_dpt` VALUES ('33', '215');
INSERT INTO `staff_user_dpt` VALUES ('33', '87');
INSERT INTO `staff_user_dpt` VALUES ('33', '88');
INSERT INTO `staff_user_dpt` VALUES ('33', '89');
INSERT INTO `staff_user_dpt` VALUES ('33', '90');
INSERT INTO `staff_user_dpt` VALUES ('33', '91');
INSERT INTO `staff_user_dpt` VALUES ('33', '92');
INSERT INTO `staff_user_dpt` VALUES ('33', '93');
INSERT INTO `staff_user_dpt` VALUES ('33', '204');
INSERT INTO `staff_user_dpt` VALUES ('33', '94');
INSERT INTO `staff_user_dpt` VALUES ('33', '95');
INSERT INTO `staff_user_dpt` VALUES ('33', '96');
INSERT INTO `staff_user_dpt` VALUES ('33', '205');
INSERT INTO `staff_user_dpt` VALUES ('33', '206');
INSERT INTO `staff_user_dpt` VALUES ('33', '97');
INSERT INTO `staff_user_dpt` VALUES ('33', '98');
INSERT INTO `staff_user_dpt` VALUES ('33', '99');
INSERT INTO `staff_user_dpt` VALUES ('33', '100');
INSERT INTO `staff_user_dpt` VALUES ('33', '207');
INSERT INTO `staff_user_dpt` VALUES ('33', '101');
INSERT INTO `staff_user_dpt` VALUES ('33', '102');
INSERT INTO `staff_user_dpt` VALUES ('33', '103');
INSERT INTO `staff_user_dpt` VALUES ('33', '104');
INSERT INTO `staff_user_dpt` VALUES ('33', '105');
INSERT INTO `staff_user_dpt` VALUES ('33', '106');
INSERT INTO `staff_user_dpt` VALUES ('33', '107');
INSERT INTO `staff_user_dpt` VALUES ('33', '108');
INSERT INTO `staff_user_dpt` VALUES ('33', '109');
INSERT INTO `staff_user_dpt` VALUES ('33', '110');
INSERT INTO `staff_user_dpt` VALUES ('33', '111');
INSERT INTO `staff_user_dpt` VALUES ('33', '112');
INSERT INTO `staff_user_dpt` VALUES ('33', '208');
INSERT INTO `staff_user_dpt` VALUES ('33', '113');
INSERT INTO `staff_user_dpt` VALUES ('33', '114');
INSERT INTO `staff_user_dpt` VALUES ('33', '115');
INSERT INTO `staff_user_dpt` VALUES ('33', '216');
INSERT INTO `staff_user_dpt` VALUES ('33', '116');
INSERT INTO `staff_user_dpt` VALUES ('33', '117');
INSERT INTO `staff_user_dpt` VALUES ('33', '118');
INSERT INTO `staff_user_dpt` VALUES ('33', '119');
INSERT INTO `staff_user_dpt` VALUES ('33', '120');
INSERT INTO `staff_user_dpt` VALUES ('33', '121');
INSERT INTO `staff_user_dpt` VALUES ('33', '122');
INSERT INTO `staff_user_dpt` VALUES ('33', '123');
INSERT INTO `staff_user_dpt` VALUES ('33', '124');
INSERT INTO `staff_user_dpt` VALUES ('33', '125');
INSERT INTO `staff_user_dpt` VALUES ('33', '126');
INSERT INTO `staff_user_dpt` VALUES ('33', '127');
INSERT INTO `staff_user_dpt` VALUES ('33', '128');
INSERT INTO `staff_user_dpt` VALUES ('33', '129');
INSERT INTO `staff_user_dpt` VALUES ('33', '130');
INSERT INTO `staff_user_dpt` VALUES ('33', '131');
INSERT INTO `staff_user_dpt` VALUES ('33', '132');
INSERT INTO `staff_user_dpt` VALUES ('33', '133');
INSERT INTO `staff_user_dpt` VALUES ('33', '134');
INSERT INTO `staff_user_dpt` VALUES ('33', '135');
INSERT INTO `staff_user_dpt` VALUES ('33', '136');
INSERT INTO `staff_user_dpt` VALUES ('33', '137');
INSERT INTO `staff_user_dpt` VALUES ('33', '138');
INSERT INTO `staff_user_dpt` VALUES ('33', '139');
INSERT INTO `staff_user_dpt` VALUES ('33', '140');
INSERT INTO `staff_user_dpt` VALUES ('33', '141');
INSERT INTO `staff_user_dpt` VALUES ('33', '142');
INSERT INTO `staff_user_dpt` VALUES ('33', '143');
INSERT INTO `staff_user_dpt` VALUES ('33', '144');
INSERT INTO `staff_user_dpt` VALUES ('33', '145');
INSERT INTO `staff_user_dpt` VALUES ('33', '146');
INSERT INTO `staff_user_dpt` VALUES ('33', '147');
INSERT INTO `staff_user_dpt` VALUES ('33', '148');
INSERT INTO `staff_user_dpt` VALUES ('33', '149');
INSERT INTO `staff_user_dpt` VALUES ('33', '150');
INSERT INTO `staff_user_dpt` VALUES ('33', '151');
INSERT INTO `staff_user_dpt` VALUES ('33', '152');
INSERT INTO `staff_user_dpt` VALUES ('33', '153');
INSERT INTO `staff_user_dpt` VALUES ('33', '154');
INSERT INTO `staff_user_dpt` VALUES ('33', '155');
INSERT INTO `staff_user_dpt` VALUES ('33', '156');
INSERT INTO `staff_user_dpt` VALUES ('33', '157');
INSERT INTO `staff_user_dpt` VALUES ('33', '158');
INSERT INTO `staff_user_dpt` VALUES ('33', '217');
INSERT INTO `staff_user_dpt` VALUES ('33', '159');
INSERT INTO `staff_user_dpt` VALUES ('33', '160');
INSERT INTO `staff_user_dpt` VALUES ('33', '161');
INSERT INTO `staff_user_dpt` VALUES ('33', '162');
INSERT INTO `staff_user_dpt` VALUES ('33', '163');
INSERT INTO `staff_user_dpt` VALUES ('33', '164');
INSERT INTO `staff_user_dpt` VALUES ('33', '165');
INSERT INTO `staff_user_dpt` VALUES ('33', '166');
INSERT INTO `staff_user_dpt` VALUES ('33', '167');
INSERT INTO `staff_user_dpt` VALUES ('33', '168');
INSERT INTO `staff_user_dpt` VALUES ('33', '218');
INSERT INTO `staff_user_dpt` VALUES ('33', '169');
INSERT INTO `staff_user_dpt` VALUES ('33', '170');
INSERT INTO `staff_user_dpt` VALUES ('33', '171');
INSERT INTO `staff_user_dpt` VALUES ('33', '172');
INSERT INTO `staff_user_dpt` VALUES ('33', '173');
INSERT INTO `staff_user_dpt` VALUES ('33', '174');
INSERT INTO `staff_user_dpt` VALUES ('33', '219');
INSERT INTO `staff_user_dpt` VALUES ('33', '175');
INSERT INTO `staff_user_dpt` VALUES ('33', '176');
INSERT INTO `staff_user_dpt` VALUES ('33', '177');
INSERT INTO `staff_user_dpt` VALUES ('33', '178');
INSERT INTO `staff_user_dpt` VALUES ('33', '179');
INSERT INTO `staff_user_dpt` VALUES ('33', '180');
INSERT INTO `staff_user_dpt` VALUES ('33', '181');
INSERT INTO `staff_user_dpt` VALUES ('33', '182');
INSERT INTO `staff_user_dpt` VALUES ('33', '183');
INSERT INTO `staff_user_dpt` VALUES ('33', '184');
INSERT INTO `staff_user_dpt` VALUES ('33', '185');
INSERT INTO `staff_user_dpt` VALUES ('33', '186');
INSERT INTO `staff_user_dpt` VALUES ('33', '187');
INSERT INTO `staff_user_dpt` VALUES ('33', '188');
INSERT INTO `staff_user_dpt` VALUES ('33', '189');
INSERT INTO `staff_user_dpt` VALUES ('33', '194');
INSERT INTO `staff_user_dpt` VALUES ('33', '195');
INSERT INTO `staff_user_dpt` VALUES ('33', '196');
INSERT INTO `staff_user_dpt` VALUES ('32', '1');
INSERT INTO `staff_user_dpt` VALUES ('32', '2');
INSERT INTO `staff_user_dpt` VALUES ('32', '3');
INSERT INTO `staff_user_dpt` VALUES ('32', '198');
INSERT INTO `staff_user_dpt` VALUES ('32', '199');
INSERT INTO `staff_user_dpt` VALUES ('32', '200');
INSERT INTO `staff_user_dpt` VALUES ('32', '18');
INSERT INTO `staff_user_dpt` VALUES ('32', '19');
INSERT INTO `staff_user_dpt` VALUES ('32', '20');
INSERT INTO `staff_user_dpt` VALUES ('32', '21');
INSERT INTO `staff_user_dpt` VALUES ('32', '22');
INSERT INTO `staff_user_dpt` VALUES ('32', '23');
INSERT INTO `staff_user_dpt` VALUES ('32', '24');
INSERT INTO `staff_user_dpt` VALUES ('32', '25');
INSERT INTO `staff_user_dpt` VALUES ('32', '26');
INSERT INTO `staff_user_dpt` VALUES ('32', '27');
INSERT INTO `staff_user_dpt` VALUES ('32', '28');
INSERT INTO `staff_user_dpt` VALUES ('32', '29');
INSERT INTO `staff_user_dpt` VALUES ('32', '30');
INSERT INTO `staff_user_dpt` VALUES ('32', '31');
INSERT INTO `staff_user_dpt` VALUES ('32', '32');
INSERT INTO `staff_user_dpt` VALUES ('32', '33');
INSERT INTO `staff_user_dpt` VALUES ('32', '34');
INSERT INTO `staff_user_dpt` VALUES ('32', '35');
INSERT INTO `staff_user_dpt` VALUES ('32', '36');
INSERT INTO `staff_user_dpt` VALUES ('32', '37');
INSERT INTO `staff_user_dpt` VALUES ('32', '38');
INSERT INTO `staff_user_dpt` VALUES ('32', '39');
INSERT INTO `staff_user_dpt` VALUES ('32', '40');
INSERT INTO `staff_user_dpt` VALUES ('32', '41');
INSERT INTO `staff_user_dpt` VALUES ('32', '42');
INSERT INTO `staff_user_dpt` VALUES ('32', '43');
INSERT INTO `staff_user_dpt` VALUES ('32', '44');
INSERT INTO `staff_user_dpt` VALUES ('32', '45');
INSERT INTO `staff_user_dpt` VALUES ('32', '46');
INSERT INTO `staff_user_dpt` VALUES ('32', '47');
INSERT INTO `staff_user_dpt` VALUES ('32', '48');
INSERT INTO `staff_user_dpt` VALUES ('32', '49');
INSERT INTO `staff_user_dpt` VALUES ('32', '50');
INSERT INTO `staff_user_dpt` VALUES ('32', '51');
INSERT INTO `staff_user_dpt` VALUES ('32', '52');
INSERT INTO `staff_user_dpt` VALUES ('32', '53');
INSERT INTO `staff_user_dpt` VALUES ('32', '55');
INSERT INTO `staff_user_dpt` VALUES ('32', '56');
INSERT INTO `staff_user_dpt` VALUES ('32', '54');
INSERT INTO `staff_user_dpt` VALUES ('32', '57');
INSERT INTO `staff_user_dpt` VALUES ('32', '58');
INSERT INTO `staff_user_dpt` VALUES ('32', '59');
INSERT INTO `staff_user_dpt` VALUES ('32', '60');
INSERT INTO `staff_user_dpt` VALUES ('32', '61');
INSERT INTO `staff_user_dpt` VALUES ('32', '62');
INSERT INTO `staff_user_dpt` VALUES ('32', '63');
INSERT INTO `staff_user_dpt` VALUES ('32', '64');
INSERT INTO `staff_user_dpt` VALUES ('32', '65');
INSERT INTO `staff_user_dpt` VALUES ('32', '66');
INSERT INTO `staff_user_dpt` VALUES ('32', '67');
INSERT INTO `staff_user_dpt` VALUES ('32', '68');
INSERT INTO `staff_user_dpt` VALUES ('32', '69');
INSERT INTO `staff_user_dpt` VALUES ('32', '70');
INSERT INTO `staff_user_dpt` VALUES ('32', '71');
INSERT INTO `staff_user_dpt` VALUES ('32', '75');
INSERT INTO `staff_user_dpt` VALUES ('32', '76');
INSERT INTO `staff_user_dpt` VALUES ('32', '77');
INSERT INTO `staff_user_dpt` VALUES ('32', '78');
INSERT INTO `staff_user_dpt` VALUES ('32', '79');
INSERT INTO `staff_user_dpt` VALUES ('32', '80');
INSERT INTO `staff_user_dpt` VALUES ('32', '81');
INSERT INTO `staff_user_dpt` VALUES ('32', '82');
INSERT INTO `staff_user_dpt` VALUES ('32', '83');
INSERT INTO `staff_user_dpt` VALUES ('32', '84');
INSERT INTO `staff_user_dpt` VALUES ('32', '85');
INSERT INTO `staff_user_dpt` VALUES ('32', '86');
INSERT INTO `staff_user_dpt` VALUES ('32', '87');
INSERT INTO `staff_user_dpt` VALUES ('32', '88');
INSERT INTO `staff_user_dpt` VALUES ('32', '89');
INSERT INTO `staff_user_dpt` VALUES ('32', '90');
INSERT INTO `staff_user_dpt` VALUES ('32', '204');
INSERT INTO `staff_user_dpt` VALUES ('32', '94');
INSERT INTO `staff_user_dpt` VALUES ('32', '95');
INSERT INTO `staff_user_dpt` VALUES ('32', '96');
INSERT INTO `staff_user_dpt` VALUES ('32', '97');
INSERT INTO `staff_user_dpt` VALUES ('32', '98');
INSERT INTO `staff_user_dpt` VALUES ('32', '99');
INSERT INTO `staff_user_dpt` VALUES ('32', '100');
INSERT INTO `staff_user_dpt` VALUES ('32', '101');
INSERT INTO `staff_user_dpt` VALUES ('32', '102');
INSERT INTO `staff_user_dpt` VALUES ('32', '103');
INSERT INTO `staff_user_dpt` VALUES ('32', '104');
INSERT INTO `staff_user_dpt` VALUES ('32', '105');
INSERT INTO `staff_user_dpt` VALUES ('32', '106');
INSERT INTO `staff_user_dpt` VALUES ('32', '107');
INSERT INTO `staff_user_dpt` VALUES ('32', '108');
INSERT INTO `staff_user_dpt` VALUES ('32', '109');
INSERT INTO `staff_user_dpt` VALUES ('32', '110');
INSERT INTO `staff_user_dpt` VALUES ('32', '111');
INSERT INTO `staff_user_dpt` VALUES ('32', '112');
INSERT INTO `staff_user_dpt` VALUES ('32', '113');
INSERT INTO `staff_user_dpt` VALUES ('32', '114');
INSERT INTO `staff_user_dpt` VALUES ('32', '115');
INSERT INTO `staff_user_dpt` VALUES ('32', '116');
INSERT INTO `staff_user_dpt` VALUES ('32', '117');
INSERT INTO `staff_user_dpt` VALUES ('32', '118');
INSERT INTO `staff_user_dpt` VALUES ('32', '119');
INSERT INTO `staff_user_dpt` VALUES ('32', '120');
INSERT INTO `staff_user_dpt` VALUES ('32', '121');
INSERT INTO `staff_user_dpt` VALUES ('32', '122');
INSERT INTO `staff_user_dpt` VALUES ('32', '123');
INSERT INTO `staff_user_dpt` VALUES ('32', '124');
INSERT INTO `staff_user_dpt` VALUES ('32', '125');
INSERT INTO `staff_user_dpt` VALUES ('32', '126');
INSERT INTO `staff_user_dpt` VALUES ('32', '127');
INSERT INTO `staff_user_dpt` VALUES ('32', '179');
INSERT INTO `staff_user_dpt` VALUES ('32', '180');
INSERT INTO `staff_user_dpt` VALUES ('32', '220');
INSERT INTO `staff_user_dpt` VALUES ('32', '185');
INSERT INTO `staff_user_dpt` VALUES ('32', '186');
INSERT INTO `staff_user_dpt` VALUES ('32', '187');
INSERT INTO `staff_user_dpt` VALUES ('32', '188');
INSERT INTO `staff_user_dpt` VALUES ('32', '189');
INSERT INTO `staff_user_dpt` VALUES ('38', '217');
INSERT INTO `staff_user_dpt` VALUES ('38', '218');
INSERT INTO `staff_user_dpt` VALUES ('39', '219');
INSERT INTO `staff_user_dpt` VALUES ('40', '186');
INSERT INTO `staff_user_dpt` VALUES ('31', '198');
INSERT INTO `staff_user_dpt` VALUES ('31', '199');
INSERT INTO `staff_user_dpt` VALUES ('31', '200');
INSERT INTO `staff_user_dpt` VALUES ('31', '22');
INSERT INTO `staff_user_dpt` VALUES ('31', '24');
INSERT INTO `staff_user_dpt` VALUES ('31', '212');
INSERT INTO `staff_user_dpt` VALUES ('31', '213');
INSERT INTO `staff_user_dpt` VALUES ('31', '214');
INSERT INTO `staff_user_dpt` VALUES ('31', '65');
INSERT INTO `staff_user_dpt` VALUES ('31', '83');
INSERT INTO `staff_user_dpt` VALUES ('31', '215');
INSERT INTO `staff_user_dpt` VALUES ('31', '204');
INSERT INTO `staff_user_dpt` VALUES ('31', '206');
INSERT INTO `staff_user_dpt` VALUES ('31', '207');
INSERT INTO `staff_user_dpt` VALUES ('31', '208');
INSERT INTO `staff_user_dpt` VALUES ('31', '216');
INSERT INTO `staff_user_dpt` VALUES ('31', '117');
INSERT INTO `staff_user_dpt` VALUES ('31', '217');
INSERT INTO `staff_user_dpt` VALUES ('31', '218');
INSERT INTO `staff_user_dpt` VALUES ('31', '219');
INSERT INTO `staff_user_dpt` VALUES ('31', '186');
INSERT INTO `staff_user_dpt` VALUES ('42', '22');
INSERT INTO `staff_user_dpt` VALUES ('41', '198');
INSERT INTO `staff_user_dpt` VALUES ('26', '200');
INSERT INTO `staff_user_dpt` VALUES ('43', '24');
INSERT INTO `staff_user_dpt` VALUES ('44', '49');
INSERT INTO `staff_user_dpt` VALUES ('45', '64');
INSERT INTO `staff_user_dpt` VALUES ('45', '65');
INSERT INTO `staff_user_dpt` VALUES ('45', '66');
INSERT INTO `staff_user_dpt` VALUES ('45', '75');
INSERT INTO `staff_user_dpt` VALUES ('45', '76');
INSERT INTO `staff_user_dpt` VALUES ('45', '77');
INSERT INTO `staff_user_dpt` VALUES ('45', '89');
INSERT INTO `staff_user_dpt` VALUES ('46', '122');
INSERT INTO `staff_user_dpt` VALUES ('46', '126');
INSERT INTO `staff_user_dpt` VALUES ('46', '130');
INSERT INTO `staff_user_dpt` VALUES ('46', '134');
INSERT INTO `staff_user_dpt` VALUES ('46', '138');

-- ----------------------------
-- Table structure for staff_user_role
-- ----------------------------
DROP TABLE IF EXISTS `staff_user_role`;
CREATE TABLE `staff_user_role` (
  `uid` int(11) NOT NULL,
  `rid` mediumint(11) NOT NULL,
  KEY `uid` (`uid`),
  CONSTRAINT `staff_user_role_ibfk_1` FOREIGN KEY (`uid`) REFERENCES `user` (`id`) ON DELETE CASCADE ON UPDATE CASCADE
) ENGINE=InnoDB DEFAULT CHARSET=utf8;

-- ----------------------------
-- Records of staff_user_role
-- ----------------------------
INSERT INTO `staff_user_role` VALUES ('10', '3');
INSERT INTO `staff_user_role` VALUES ('10', '4');
INSERT INTO `staff_user_role` VALUES ('10', '5');
INSERT INTO `staff_user_role` VALUES ('10', '6');
INSERT INTO `staff_user_role` VALUES ('10', '7');
INSERT INTO `staff_user_role` VALUES ('10', '8');
INSERT INTO `staff_user_role` VALUES ('31', '3');
INSERT INTO `staff_user_role` VALUES ('31', '5');
INSERT INTO `staff_user_role` VALUES ('31', '7');
INSERT INTO `staff_user_role` VALUES ('31', '8');
INSERT INTO `staff_user_role` VALUES ('32', '3');
INSERT INTO `staff_user_role` VALUES ('32', '5');
INSERT INTO `staff_user_role` VALUES ('32', '7');
INSERT INTO `staff_user_role` VALUES ('32', '8');
INSERT INTO `staff_user_role` VALUES ('33', '3');
INSERT INTO `staff_user_role` VALUES ('33', '5');
INSERT INTO `staff_user_role` VALUES ('33', '7');
INSERT INTO `staff_user_role` VALUES ('33', '8');
INSERT INTO `staff_user_role` VALUES ('34', '5');
INSERT INTO `staff_user_role` VALUES ('34', '8');
INSERT INTO `staff_user_role` VALUES ('35', '5');
INSERT INTO `staff_user_role` VALUES ('35', '8');
INSERT INTO `staff_user_role` VALUES ('36', '5');
INSERT INTO `staff_user_role` VALUES ('36', '8');
INSERT INTO `staff_user_role` VALUES ('37', '5');
INSERT INTO `staff_user_role` VALUES ('37', '8');
INSERT INTO `staff_user_role` VALUES ('38', '5');
INSERT INTO `staff_user_role` VALUES ('38', '8');
INSERT INTO `staff_user_role` VALUES ('39', '5');
INSERT INTO `staff_user_role` VALUES ('39', '8');
INSERT INTO `staff_user_role` VALUES ('40', '5');
INSERT INTO `staff_user_role` VALUES ('40', '8');
INSERT INTO `staff_user_role` VALUES ('41', '5');
INSERT INTO `staff_user_role` VALUES ('41', '8');
INSERT INTO `staff_user_role` VALUES ('42', '5');
INSERT INTO `staff_user_role` VALUES ('42', '8');
INSERT INTO `staff_user_role` VALUES ('26', '5');
INSERT INTO `staff_user_role` VALUES ('26', '8');
INSERT INTO `staff_user_role` VALUES ('43', '5');
INSERT INTO `staff_user_role` VALUES ('43', '8');
INSERT INTO `staff_user_role` VALUES ('44', '5');
INSERT INTO `staff_user_role` VALUES ('44', '8');
INSERT INTO `staff_user_role` VALUES ('45', '5');
INSERT INTO `staff_user_role` VALUES ('45', '8');
INSERT INTO `staff_user_role` VALUES ('46', '5');
INSERT INTO `staff_user_role` VALUES ('46', '8');

-- ----------------------------
-- Table structure for status
-- ----------------------------
DROP TABLE IF EXISTS `status`;
CREATE TABLE `status` (
  `id` int(11) NOT NULL AUTO_INCREMENT,
  `status` varchar(10) NOT NULL,
  PRIMARY KEY (`id`)
) ENGINE=InnoDB AUTO_INCREMENT=15 DEFAULT CHARSET=utf8;

-- ----------------------------
-- Records of status
-- ----------------------------
INSERT INTO `status` VALUES ('1', '录入');
INSERT INTO `status` VALUES ('2', '已初检');
INSERT INTO `status` VALUES ('3', '已领取');
INSERT INTO `status` VALUES ('4', '在用');
INSERT INTO `status` VALUES ('5', '停用');
INSERT INTO `status` VALUES ('6', '限用');
INSERT INTO `status` VALUES ('7', '重新启用');
INSERT INTO `status` VALUES ('8', '维修');
INSERT INTO `status` VALUES ('9', '报废');
INSERT INTO `status` VALUES ('10', '转移');
INSERT INTO `status` VALUES ('11', '检定');
INSERT INTO `status` VALUES ('12', '待确认');
INSERT INTO `status` VALUES ('13', '封存');
INSERT INTO `status` VALUES ('14', '备用');

-- ----------------------------
-- Table structure for status_log
-- ----------------------------
DROP TABLE IF EXISTS `status_log`;
CREATE TABLE `status_log` (
  `id` int(11) NOT NULL AUTO_INCREMENT,
  `status` int(11) NOT NULL,
  `created_at` date NOT NULL,
  `user` int(11) NOT NULL,
  `devid` int(11) NOT NULL,
  PRIMARY KEY (`id`),
  KEY `status` (`status`),
  CONSTRAINT `status_log_ibfk_1` FOREIGN KEY (`status`) REFERENCES `status` (`id`) ON DELETE NO ACTION ON UPDATE NO ACTION
) ENGINE=InnoDB AUTO_INCREMENT=44 DEFAULT CHARSET=utf8;

-- ----------------------------
-- Records of status_log
-- ----------------------------
INSERT INTO `status_log` VALUES ('1', '4', '2017-07-11', '47', '300');
INSERT INTO `status_log` VALUES ('2', '13', '2017-07-13', '47', '301');
INSERT INTO `status_log` VALUES ('3', '13', '2017-07-13', '47', '301');
INSERT INTO `status_log` VALUES ('4', '4', '2017-07-13', '47', '304');
INSERT INTO `status_log` VALUES ('5', '8', '2017-07-13', '47', '304');
INSERT INTO `status_log` VALUES ('6', '4', '2017-07-17', '47', '300');
INSERT INTO `status_log` VALUES ('7', '8', '2017-07-25', '47', '549');
INSERT INTO `status_log` VALUES ('8', '8', '2017-07-25', '47', '549');
INSERT INTO `status_log` VALUES ('9', '8', '2017-07-25', '47', '549');
INSERT INTO `status_log` VALUES ('10', '8', '2017-07-25', '47', '549');
INSERT INTO `status_log` VALUES ('11', '8', '2017-07-25', '47', '549');
INSERT INTO `status_log` VALUES ('12', '8', '2017-07-25', '47', '549');
INSERT INTO `status_log` VALUES ('13', '8', '2017-07-25', '47', '549');
INSERT INTO `status_log` VALUES ('14', '8', '2017-07-25', '47', '549');
INSERT INTO `status_log` VALUES ('15', '8', '2017-07-25', '47', '549');
INSERT INTO `status_log` VALUES ('16', '4', '2017-07-28', '47', '549');
INSERT INTO `status_log` VALUES ('17', '4', '2017-07-28', '47', '562');
INSERT INTO `status_log` VALUES ('18', '8', '2017-07-28', '47', '572');
INSERT INTO `status_log` VALUES ('19', '13', '2017-07-28', '47', '572');
INSERT INTO `status_log` VALUES ('20', '4', '2017-07-28', '47', '573');
INSERT INTO `status_log` VALUES ('21', '4', '2017-07-28', '47', '573');
INSERT INTO `status_log` VALUES ('22', '4', '2017-07-28', '47', '573');
INSERT INTO `status_log` VALUES ('23', '4', '2017-07-28', '47', '573');
INSERT INTO `status_log` VALUES ('24', '11', '2017-07-28', '47', '591');
INSERT INTO `status_log` VALUES ('25', '11', '2017-07-29', '47', '671');
INSERT INTO `status_log` VALUES ('26', '8', '2017-07-30', '47', '591');
INSERT INTO `status_log` VALUES ('27', '4', '2017-08-01', '47', '542');
INSERT INTO `status_log` VALUES ('28', '4', '2017-08-01', '47', '543');
INSERT INTO `status_log` VALUES ('29', '4', '2017-08-01', '47', '540');
INSERT INTO `status_log` VALUES ('30', '4', '2017-08-01', '47', '541');
INSERT INTO `status_log` VALUES ('31', '11', '2017-08-01', '47', '540');
INSERT INTO `status_log` VALUES ('32', '6', '2017-08-01', '47', '540');
INSERT INTO `status_log` VALUES ('33', '13', '2017-08-01', '47', '540');
INSERT INTO `status_log` VALUES ('34', '4', '2017-08-01', '47', '540');
INSERT INTO `status_log` VALUES ('35', '4', '2017-08-06', '10', '551');
INSERT INTO `status_log` VALUES ('36', '4', '2017-08-06', '10', '546');
INSERT INTO `status_log` VALUES ('37', '4', '2017-08-06', '10', '547');
INSERT INTO `status_log` VALUES ('38', '4', '2017-08-07', '47', '548');
INSERT INTO `status_log` VALUES ('39', '4', '2017-08-07', '47', '552');
INSERT INTO `status_log` VALUES ('40', '4', '2017-08-07', '47', '552');
INSERT INTO `status_log` VALUES ('41', '4', '2017-08-07', '47', '552');
INSERT INTO `status_log` VALUES ('42', '11', '2017-08-08', '47', '549');
INSERT INTO `status_log` VALUES ('43', '8', '2017-08-10', '47', '545');

-- ----------------------------
-- Table structure for user
-- ----------------------------
DROP TABLE IF EXISTS `user`;
CREATE TABLE `user` (
  `id` int(11) NOT NULL AUTO_INCREMENT,
  `name` varchar(10) NOT NULL,
  `code` varchar(10) NOT NULL,
  `psw` char(6) NOT NULL,
  `departid` int(11) DEFAULT NULL,
  PRIMARY KEY (`id`)
) ENGINE=InnoDB AUTO_INCREMENT=48 DEFAULT CHARSET=utf8;

-- ----------------------------
-- Records of user
-- ----------------------------
INSERT INTO `user` VALUES ('10', '罗希军', 'lxj', '123456', '197');
INSERT INTO `user` VALUES ('26', '王志杰', 'wzj', '123456', '200');
INSERT INTO `user` VALUES ('31', '马海霞', 'MHX', '456789', '199');
INSERT INTO `user` VALUES ('32', '杜笑荣', 'DXR', '456789', '199');
INSERT INTO `user` VALUES ('33', '张明瑛', 'ZMY', '456789', '199');
INSERT INTO `user` VALUES ('34', '李红斌', 'LHB', '123456', '204');
INSERT INTO `user` VALUES ('35', '马建洲', 'MJZ', '123456', '83');
INSERT INTO `user` VALUES ('36', '郭智六', 'GZL', '123456', '216');
INSERT INTO `user` VALUES ('37', '郭金洲', 'GJZ', '123456', '117');
INSERT INTO `user` VALUES ('38', '秦春海', 'QCH', '123456', '217');
INSERT INTO `user` VALUES ('39', '孟红玉', 'MHY', '123456', '219');
INSERT INTO `user` VALUES ('40', '张军兵', 'ZJB', '123456', '186');
INSERT INTO `user` VALUES ('41', '马彦军', 'myj', '123456', '198');
INSERT INTO `user` VALUES ('42', '郭志强', 'GZQ', '123456', '22');
INSERT INTO `user` VALUES ('43', '王永红', 'wyh', '123456', '24');
INSERT INTO `user` VALUES ('44', '冯波', 'fb', '123456', '49');
INSERT INTO `user` VALUES ('45', '李志强', 'lzq', '123456', '64');
INSERT INTO `user` VALUES ('46', '刘俊然', 'ljr', '123456', '122');
INSERT INTO `user` VALUES ('47', 'admin', 'admin', '921209', '197');

-- ----------------------------
-- Procedure structure for seeAll
-- ----------------------------
DROP PROCEDURE IF EXISTS `seeAll`;
DELIMITER ;;
CREATE DEFINER=`root`@`localhost` PROCEDURE `seeAll`(IN `sprid` int)
BEGIN
	declare countBsc int(11);
	declare flag tinyint(1) default 0;
	declare bscid int(11);
	SELECT basic into bscid from gauge_spr_dtl where id= sprid;
	SELECT count(*) into countBsc from gauge_spr_dtl where basic = bscid and see=1;
	IF countBsc = 0 THEN
		SET flag = 1;
		UPDATE gauge_spr_bsc SET see = 0 WHERE id = bscid;
	END IF;
	SELECT flag,bscid;
END
;;
DELIMITER ;

-- ----------------------------
-- Function structure for hvSeeAll
-- ----------------------------
DROP FUNCTION IF EXISTS `hvSeeAll`;
DELIMITER ;;
CREATE DEFINER=`root`@`localhost` FUNCTION `hvSeeAll`(`sprid` int) RETURNS tinyint(4)
BEGIN
	DECLARE bscid int(11);
	declare countBsc int(11);
	set @bscid = CONCAT('SELECT basic from gauge_spr_dtl where id= ',sprid);
	set @countBsc = CONCAT('SELECT count(*) from gague_spr_dtl where basic = ',bscid,' and see=1');
	IF countBsc = 0 THEN
		UPDATE gauge_spr_bsc SET see = 0 WHERE id = bscid;
	END IF;
	RETURN 0;
END
;;
DELIMITER ;
